user,num_users,latlon_tru,latlon_pred,haversine_distance,acc_at_161,percent
user_001ac628,0,"[33.958969, -118.30278]","[32.966581500000004, -96.941848]",1981.0195116500304,0.0,0
user_001ac628,1,"[33.958969, -118.30278]","[32.966581500000004, -96.941848]",1981.0195116500304,0.0,5
user_001ac628,2,"[33.958969, -118.30278]","[32.966581500000004, -96.941848]",1981.0195116500304,0.0,10
user_001ac628,3,"[33.958969, -118.30278]","[32.966581500000004, -96.941848]",1981.0195116500304,0.0,20
user_001ac628,6,"[33.958969, -118.30278]","[32.966581500000004, -96.941848]",1981.0195116500304,0.0,40
user_001ac628,8,"[33.958969, -118.30278]","[32.966581500000004, -96.941848]",1981.0195116500304,0.0,60
user_001ac628,11,"[33.958969, -118.30278]","[32.966581500000004, -96.941848]",1981.0195116500304,0.0,80
user_001ac628,13,"[33.958969, -118.30278]","[32.966581500000004, -96.941848]",1981.0195116500304,0.0,100
user_002ac912,0,"[40.702701, -73.74470500000001]","[41.916661, -71.40430400000001]",237.54366764196948,0.0,0
user_002ac912,2,"[40.702701, -73.74470500000001]","[41.916661, -71.40430400000001]",237.54366764196948,0.0,5
user_002ac912,4,"[40.702701, -73.74470500000001]","[41.916661, -71.40430400000001]",237.54366764196948,0.0,10
user_002ac912,7,"[40.702701, -73.74470500000001]","[41.916661, -71.40430400000001]",237.54366764196948,0.0,20
user_002ac912,14,"[40.702701, -73.74470500000001]","[41.916661, -71.40430400000001]",237.54366764196948,0.0,40
user_002ac912,21,"[40.702701, -73.74470500000001]","[41.916661, -71.40430400000001]",237.54366764196948,0.0,60
user_002ac912,28,"[40.702701, -73.74470500000001]","[41.916661, -71.40430400000001]",237.54366764196948,0.0,80
user_002ac912,34,"[40.702701, -73.74470500000001]","[41.916661, -71.40430400000001]",237.54366764196948,0.0,100
user_003607fa,0,"[25.958833, -80.212882]","[25.973882, -80.242374]",3.390097301206325,1.0,0
user_003607fa,1,"[25.958833, -80.212882]","[25.973882, -80.242374]",3.390097301206325,1.0,5
user_003607fa,1,"[25.958833, -80.212882]","[25.973882, -80.242374]",3.390097301206325,1.0,10
user_003607fa,2,"[25.958833, -80.212882]","[25.973882, -80.242374]",3.390097301206325,1.0,20
user_003607fa,3,"[25.958833, -80.212882]","[25.973882, -80.242374]",3.390097301206325,1.0,40
user_003607fa,5,"[25.958833, -80.212882]","[33.935105, -118.29469]",3752.1076330904193,0.0,60
user_003607fa,6,"[25.958833, -80.212882]","[33.935105, -118.29469]",3752.1076330904193,0.0,80
user_003607fa,7,"[25.958833, -80.212882]","[33.935105, -118.29469]",3752.1076330904193,0.0,100
user_00839c9b,0,"[40.70301, -74.094769]","[34.393699999999995, -118.24542149999999]",3913.15317991553,0.0,0
user_00839c9b,1,"[40.70301, -74.094769]","[34.393699999999995, -118.24542149999999]",3913.15317991553,0.0,5
user_00839c9b,2,"[40.70301, -74.094769]","[34.393699999999995, -118.24542149999999]",3913.15317991553,0.0,10
user_00839c9b,3,"[40.70301, -74.094769]","[34.393699999999995, -118.24542149999999]",3913.15317991553,0.0,20
user_00839c9b,6,"[40.70301, -74.094769]","[34.393699999999995, -118.24542149999999]",3913.15317991553,0.0,40
user_00839c9b,8,"[40.70301, -74.094769]","[34.393699999999995, -118.24542149999999]",3913.15317991553,0.0,60
user_00839c9b,11,"[40.70301, -74.094769]","[32.966581500000004, -96.941848]",2199.4723043494423,0.0,80
user_00839c9b,13,"[40.70301, -74.094769]","[32.966581500000004, -96.941848]",2199.4723043494423,0.0,100
user_0089c6ed,0,"[40.833397, -73.916811]","[40.767058, -73.997]",9.998689197234983,1.0,0
user_0089c6ed,4,"[40.833397, -73.916811]","[40.767058, -73.997]",9.998689197234983,1.0,5
user_0089c6ed,8,"[40.833397, -73.916811]","[40.767058, -73.997]",9.998689197234983,1.0,10
user_0089c6ed,15,"[40.833397, -73.916811]","[40.767058, -73.997]",9.998689197234983,1.0,20
user_0089c6ed,30,"[40.833397, -73.916811]","[40.862080999999996, -73.893029]",3.7649157036855985,1.0,40
user_0089c6ed,45,"[40.833397, -73.916811]","[40.862080999999996, -73.893029]",3.7649157036855985,1.0,60
user_0089c6ed,60,"[40.833397, -73.916811]","[40.9112535, -73.7748885]",14.74275214348623,1.0,80
user_0089c6ed,75,"[40.833397, -73.916811]","[43.027428, -77.610271]",390.9217565401726,0.0,100
user_00b5310f,0,"[30.172103999999997, -97.82860699999999]","[40.9112535, -73.7748885]",2470.526594889558,0.0,0
user_00b5310f,1,"[30.172103999999997, -97.82860699999999]","[40.0097845, -75.15243749999999]",2325.675079344812,0.0,5
user_00b5310f,1,"[30.172103999999997, -97.82860699999999]","[40.0097845, -75.15243749999999]",2325.675079344812,0.0,10
user_00b5310f,1,"[30.172103999999997, -97.82860699999999]","[40.0097845, -75.15243749999999]",2325.675079344812,0.0,20
user_00b5310f,1,"[30.172103999999997, -97.82860699999999]","[40.0097845, -75.15243749999999]",2325.675079344812,0.0,40
user_00b5310f,2,"[30.172103999999997, -97.82860699999999]","[40.0097845, -75.15243749999999]",2325.675079344812,0.0,60
user_00b5310f,2,"[30.172103999999997, -97.82860699999999]","[40.0097845, -75.15243749999999]",2325.675079344812,0.0,80
user_00b5310f,2,"[30.172103999999997, -97.82860699999999]","[40.0097845, -75.15243749999999]",2325.675079344812,0.0,100
user_00bc828f,0,"[40.825037, -73.86694]","[39.307559999999995, -76.65441700000001]",291.07459979968513,0.0,0
user_00bc828f,1,"[40.825037, -73.86694]","[39.307559999999995, -76.65441700000001]",291.07459979968513,0.0,5
user_00bc828f,2,"[40.825037, -73.86694]","[39.307559999999995, -76.65441700000001]",291.07459979968513,0.0,10
user_00bc828f,3,"[40.825037, -73.86694]","[39.307559999999995, -76.65441700000001]",291.07459979968513,0.0,20
user_00bc828f,6,"[40.825037, -73.86694]","[41.916661, -71.40430400000001]",238.65440905216514,0.0,40
user_00bc828f,8,"[40.825037, -73.86694]","[41.916661, -71.40430400000001]",238.65440905216514,0.0,60
user_00bc828f,11,"[40.825037, -73.86694]","[41.916661, -71.40430400000001]",238.65440905216514,0.0,80
user_00bc828f,13,"[40.825037, -73.86694]","[38.935939499999996, -77.024115]",341.5738259261401,0.0,100
user_00c14333,0,"[41.062402, -81.51817700000001]","[41.446424, -81.536098]",42.72762812271863,1.0,0
user_00c14333,1,"[41.062402, -81.51817700000001]","[41.446424, -81.536098]",42.72762812271863,1.0,5
user_00c14333,2,"[41.062402, -81.51817700000001]","[41.446424, -81.536098]",42.72762812271863,1.0,10
user_00c14333,3,"[41.062402, -81.51817700000001]","[41.446424, -81.536098]",42.72762812271863,1.0,20
user_00c14333,6,"[41.062402, -81.51817700000001]","[41.446424, -81.536098]",42.72762812271863,1.0,40
user_00c14333,9,"[41.062402, -81.51817700000001]","[41.446424, -81.536098]",42.72762812271863,1.0,60
user_00c14333,12,"[41.062402, -81.51817700000001]","[38.1297562, -85.9286095]",499.01848438632,0.0,80
user_00c14333,15,"[41.062402, -81.51817700000001]","[40.0097845, -75.15243749999999]",550.4032751211316,0.0,100
user_00d789e9,0,"[36.774875, -79.68382]","[38.485291, -122.137948]",3710.2052103220503,0.0,0
user_00d789e9,1,"[36.774875, -79.68382]","[38.485291, -122.137948]",3710.2052103220503,0.0,5
user_00d789e9,1,"[36.774875, -79.68382]","[38.485291, -122.137948]",3710.2052103220503,0.0,10
user_00d789e9,1,"[36.774875, -79.68382]","[38.485291, -122.137948]",3710.2052103220503,0.0,20
user_00d789e9,1,"[36.774875, -79.68382]","[38.485291, -122.137948]",3710.2052103220503,0.0,40
user_00d789e9,2,"[36.774875, -79.68382]","[38.485291, -122.137948]",3710.2052103220503,0.0,60
user_00d789e9,2,"[36.774875, -79.68382]","[38.485291, -122.137948]",3710.2052103220503,0.0,80
user_00d789e9,2,"[36.774875, -79.68382]","[38.485291, -122.137948]",3710.2052103220503,0.0,100
user_00e121e4,0,"[29.920721, -90.116249]","[33.187655500000005, -90.102037]",363.26953844448343,0.0,0
user_00e121e4,5,"[29.920721, -90.116249]","[33.187655500000005, -90.102037]",363.26953844448343,0.0,5
user_00e121e4,9,"[29.920721, -90.116249]","[33.187655500000005, -90.102037]",363.26953844448343,0.0,10
user_00e121e4,17,"[29.920721, -90.116249]","[33.187655500000005, -90.102037]",363.26953844448343,0.0,20
user_00e121e4,34,"[29.920721, -90.116249]","[33.746497, -84.074836]",711.5885822359705,0.0,40
user_00e121e4,50,"[29.920721, -90.116249]","[33.746497, -84.074836]",711.5885822359705,0.0,60
user_00e121e4,67,"[29.920721, -90.116249]","[33.746497, -84.074836]",711.5885822359705,0.0,80
user_00e121e4,83,"[29.920721, -90.116249]","[29.694716500000002, -95.5632315]",526.0965407661151,0.0,100
user_00e7be97,0,"[34.233602000000005, -118.471792]","[33.935105, -118.29469]",36.982160966619915,1.0,0
user_00e7be97,1,"[34.233602000000005, -118.471792]","[33.935105, -118.29469]",36.982160966619915,1.0,5
user_00e7be97,1,"[34.233602000000005, -118.471792]","[33.935105, -118.29469]",36.982160966619915,1.0,10
user_00e7be97,1,"[34.233602000000005, -118.471792]","[33.935105, -118.29469]",36.982160966619915,1.0,20
user_00e7be97,2,"[34.233602000000005, -118.471792]","[33.935105, -118.29469]",36.982160966619915,1.0,40
user_00e7be97,3,"[34.233602000000005, -118.471792]","[33.746497, -84.074836]",3156.455061655521,0.0,60
user_00e7be97,4,"[34.233602000000005, -118.471792]","[33.746497, -84.074836]",3156.455061655521,0.0,80
user_00e7be97,4,"[34.233602000000005, -118.471792]","[33.746497, -84.074836]",3156.455061655521,0.0,100
user_0111c2b3,0,"[43.707651, -79.406835]","[43.027428, -77.610271]",163.73627460303106,0.0,0
user_0111c2b3,2,"[43.707651, -79.406835]","[40.68682149999999, -73.942293]",561.4598284654373,0.0,5
user_0111c2b3,4,"[43.707651, -79.406835]","[40.68682149999999, -73.942293]",561.4598284654373,0.0,10
user_0111c2b3,7,"[43.707651, -79.406835]","[40.68682149999999, -73.942293]",561.4598284654373,0.0,20
user_0111c2b3,13,"[43.707651, -79.406835]","[40.679817, -73.849707]",568.0650486868918,0.0,40
user_0111c2b3,20,"[43.707651, -79.406835]","[40.68682149999999, -73.942293]",561.4598284654373,0.0,60
user_0111c2b3,26,"[43.707651, -79.406835]","[40.767058, -73.997]",552.3114744429478,0.0,80
user_0111c2b3,32,"[43.707651, -79.406835]","[40.689132, -73.721469]",575.9686606085003,0.0,100
user_012b2595,0,"[34.127978000000006, -118.03457]","[34.393699999999995, -118.24542149999999]",35.33422267254597,1.0,0
user_012b2595,1,"[34.127978000000006, -118.03457]","[34.393699999999995, -118.24542149999999]",35.33422267254597,1.0,5
user_012b2595,1,"[34.127978000000006, -118.03457]","[34.393699999999995, -118.24542149999999]",35.33422267254597,1.0,10
user_012b2595,1,"[34.127978000000006, -118.03457]","[34.393699999999995, -118.24542149999999]",35.33422267254597,1.0,20
user_012b2595,1,"[34.127978000000006, -118.03457]","[34.393699999999995, -118.24542149999999]",35.33422267254597,1.0,40
user_012b2595,1,"[34.127978000000006, -118.03457]","[34.393699999999995, -118.24542149999999]",35.33422267254597,1.0,60
user_012b2595,1,"[34.127978000000006, -118.03457]","[34.393699999999995, -118.24542149999999]",35.33422267254597,1.0,80
user_012b2595,1,"[34.127978000000006, -118.03457]","[34.393699999999995, -118.24542149999999]",35.33422267254597,1.0,100
user_0139bf5c,0,"[40.670277, -73.899973]","[40.679817, -73.849707]",4.369766000114561,1.0,0
user_0139bf5c,1,"[40.670277, -73.899973]","[40.68682149999999, -73.942293]",4.0150234883036156,1.0,5
user_0139bf5c,2,"[40.670277, -73.899973]","[40.68682149999999, -73.942293]",4.0150234883036156,1.0,10
user_0139bf5c,4,"[40.670277, -73.899973]","[40.68682149999999, -73.942293]",4.0150234883036156,1.0,20
user_0139bf5c,8,"[40.670277, -73.899973]","[40.679817, -73.849707]",4.369766000114561,1.0,40
user_0139bf5c,12,"[40.670277, -73.899973]","[40.68682149999999, -73.942293]",4.0150234883036156,1.0,60
user_0139bf5c,16,"[40.670277, -73.899973]","[43.027428, -77.610271]",403.83949768338977,0.0,80
user_0139bf5c,20,"[40.670277, -73.899973]","[40.68682149999999, -73.942293]",4.0150234883036156,1.0,100
user_0158891f,0,"[39.137188, -77.072672]","[37.500671000000004, -77.394889]",184.13060362120044,0.0,0
user_0158891f,1,"[39.137188, -77.072672]","[37.500671000000004, -77.394889]",184.13060362120044,0.0,5
user_0158891f,1,"[39.137188, -77.072672]","[37.500671000000004, -77.394889]",184.13060362120044,0.0,10
user_0158891f,2,"[39.137188, -77.072672]","[37.500671000000004, -77.394889]",184.13060362120044,0.0,20
user_0158891f,4,"[39.137188, -77.072672]","[37.500671000000004, -77.394889]",184.13060362120044,0.0,40
user_0158891f,6,"[39.137188, -77.072672]","[37.500671000000004, -77.394889]",184.13060362120044,0.0,60
user_0158891f,8,"[39.137188, -77.072672]","[37.500671000000004, -77.394889]",184.13060362120044,0.0,80
user_0158891f,9,"[39.137188, -77.072672]","[37.500671000000004, -77.394889]",184.13060362120044,0.0,100
user_018311d7,0,"[26.240639, -80.202175]","[25.973882, -80.242374]",29.932411855580117,1.0,0
user_018311d7,1,"[26.240639, -80.202175]","[25.973882, -80.242374]",29.932411855580117,1.0,5
user_018311d7,1,"[26.240639, -80.202175]","[25.973882, -80.242374]",29.932411855580117,1.0,10
user_018311d7,2,"[26.240639, -80.202175]","[25.973882, -80.242374]",29.932411855580117,1.0,20
user_018311d7,3,"[26.240639, -80.202175]","[25.973882, -80.242374]",29.932411855580117,1.0,40
user_018311d7,5,"[26.240639, -80.202175]","[25.973882, -80.242374]",29.932411855580117,1.0,60
user_018311d7,6,"[26.240639, -80.202175]","[25.973882, -80.242374]",29.932411855580117,1.0,80
user_018311d7,7,"[26.240639, -80.202175]","[25.973882, -80.242374]",29.932411855580117,1.0,100
user_020719b6,0,"[40.798828, -73.96866700000001]","[40.812029499999994, -73.93619749999999]",3.1021640703310176,1.0,0
user_020719b6,2,"[40.798828, -73.96866700000001]","[40.9112535, -73.7748885]",20.539974318257194,1.0,5
user_020719b6,4,"[40.798828, -73.96866700000001]","[40.9112535, -73.7748885]",20.539974318257194,1.0,10
user_020719b6,7,"[40.798828, -73.96866700000001]","[40.9112535, -73.7748885]",20.539974318257194,1.0,20
user_020719b6,13,"[40.798828, -73.96866700000001]","[40.862080999999996, -73.893029]",9.485118939359822,1.0,40
user_020719b6,19,"[40.798828, -73.96866700000001]","[40.9112535, -73.7748885]",20.539974318257194,1.0,60
user_020719b6,25,"[40.798828, -73.96866700000001]","[40.767058, -73.997]",4.262679658785118,1.0,80
user_020719b6,31,"[40.798828, -73.96866700000001]","[40.9112535, -73.7748885]",20.539974318257194,1.0,100
user_024035a3,0,"[41.89503, -87.61735300000001]","[38.1297562, -85.9286095]",442.66663378170585,0.0,0
user_024035a3,1,"[41.89503, -87.61735300000001]","[42.392489999999995, -83.472249]",346.1626601088076,0.0,5
user_024035a3,1,"[41.89503, -87.61735300000001]","[42.392489999999995, -83.472249]",346.1626601088076,0.0,10
user_024035a3,2,"[41.89503, -87.61735300000001]","[42.392489999999995, -83.472249]",346.1626601088076,0.0,20
user_024035a3,4,"[41.89503, -87.61735300000001]","[42.392489999999995, -83.472249]",346.1626601088076,0.0,40
user_024035a3,5,"[41.89503, -87.61735300000001]","[42.392489999999995, -83.472249]",346.1626601088076,0.0,60
user_024035a3,7,"[41.89503, -87.61735300000001]","[42.392489999999995, -83.472249]",346.1626601088076,0.0,80
user_024035a3,8,"[41.89503, -87.61735300000001]","[42.392489999999995, -83.472249]",346.1626601088076,0.0,100
user_0244a57d,0,"[36.070212, -79.771242]","[35.699328, -80.81794599999999]",102.92053890660378,1.0,0
user_0244a57d,2,"[36.070212, -79.771242]","[35.699328, -80.81794599999999]",102.92053890660378,1.0,5
user_0244a57d,3,"[36.070212, -79.771242]","[35.699328, -80.81794599999999]",102.92053890660378,1.0,10
user_0244a57d,5,"[36.070212, -79.771242]","[35.699328, -80.81794599999999]",102.92053890660378,1.0,20
user_0244a57d,9,"[36.070212, -79.771242]","[35.699328, -80.81794599999999]",102.92053890660378,1.0,40
user_0244a57d,13,"[36.070212, -79.771242]","[35.699328, -80.81794599999999]",102.92053890660378,1.0,60
user_0244a57d,17,"[36.070212, -79.771242]","[38.935939499999996, -77.024115]",400.2852177732906,0.0,80
user_0244a57d,21,"[36.070212, -79.771242]","[35.699328, -80.81794599999999]",102.92053890660378,1.0,100
user_025254cc,0,"[32.37846, -86.19815]","[29.694716500000002, -95.5632315]",940.4374948874217,0.0,0
user_025254cc,1,"[32.37846, -86.19815]","[29.694716500000002, -95.5632315]",940.4374948874217,0.0,5
user_025254cc,2,"[32.37846, -86.19815]","[29.694716500000002, -95.5632315]",940.4374948874217,0.0,10
user_025254cc,4,"[32.37846, -86.19815]","[29.694716500000002, -95.5632315]",940.4374948874217,0.0,20
user_025254cc,8,"[32.37846, -86.19815]","[38.485291, -122.137948]",3304.4413423392507,0.0,40
user_025254cc,11,"[32.37846, -86.19815]","[38.485291, -122.137948]",3304.4413423392507,0.0,60
user_025254cc,15,"[32.37846, -86.19815]","[38.485291, -122.137948]",3304.4413423392507,0.0,80
user_025254cc,18,"[32.37846, -86.19815]","[29.694716500000002, -95.5632315]",940.4374948874217,0.0,100
user_02608f89,0,"[29.613927, -95.499895]","[29.694716500000002, -95.5632315]",10.870115489034083,1.0,0
user_02608f89,3,"[29.613927, -95.499895]","[29.694716500000002, -95.5632315]",10.870115489034083,1.0,5
user_02608f89,6,"[29.613927, -95.499895]","[29.694716500000002, -95.5632315]",10.870115489034083,1.0,10
user_02608f89,11,"[29.613927, -95.499895]","[29.694716500000002, -95.5632315]",10.870115489034083,1.0,20
user_02608f89,21,"[29.613927, -95.499895]","[33.187655500000005, -90.102037]",648.1821553903811,0.0,40
user_02608f89,31,"[29.613927, -95.499895]","[29.694716500000002, -95.5632315]",10.870115489034083,1.0,60
user_02608f89,41,"[29.613927, -95.499895]","[29.694716500000002, -95.5632315]",10.870115489034083,1.0,80
user_02608f89,51,"[29.613927, -95.499895]","[29.694716500000002, -95.5632315]",10.870115489034083,1.0,100
user_0260ac1c,0,"[25.964809, -80.352982]","[25.973882, -80.242374]",11.103139449125363,1.0,0
user_0260ac1c,1,"[25.964809, -80.352982]","[25.973882, -80.242374]",11.103139449125363,1.0,5
user_0260ac1c,2,"[25.964809, -80.352982]","[25.973882, -80.242374]",11.103139449125363,1.0,10
user_0260ac1c,3,"[25.964809, -80.352982]","[25.973882, -80.242374]",11.103139449125363,1.0,20
user_0260ac1c,5,"[25.964809, -80.352982]","[30.248988500000003, -82.335955]",514.5209805618659,0.0,40
user_0260ac1c,8,"[25.964809, -80.352982]","[30.248988500000003, -82.335955]",514.5209805618659,0.0,60
user_0260ac1c,10,"[25.964809, -80.352982]","[30.248988500000003, -82.335955]",514.5209805618659,0.0,80
user_0260ac1c,12,"[25.964809, -80.352982]","[30.248988500000003, -82.335955]",514.5209805618659,0.0,100
user_026a085b,0,"[40.822542, -73.616138]","[40.862080999999996, -73.893029]",23.703489251116157,1.0,0
user_026a085b,1,"[40.822542, -73.616138]","[40.862080999999996, -73.893029]",23.703489251116157,1.0,5
user_026a085b,1,"[40.822542, -73.616138]","[40.862080999999996, -73.893029]",23.703489251116157,1.0,10
user_026a085b,2,"[40.822542, -73.616138]","[40.862080999999996, -73.893029]",23.703489251116157,1.0,20
user_026a085b,3,"[40.822542, -73.616138]","[40.689132, -73.721469]",17.28515077854286,1.0,40
user_026a085b,4,"[40.822542, -73.616138]","[40.689132, -73.721469]",17.28515077854286,1.0,60
user_026a085b,5,"[40.822542, -73.616138]","[40.689132, -73.721469]",17.28515077854286,1.0,80
user_026a085b,6,"[40.822542, -73.616138]","[40.689132, -73.721469]",17.28515077854286,1.0,100
user_027240b7,0,"[40.715163000000004, -74.050488]","[40.6952045, -74.005395]",4.401527815697584,1.0,0
user_027240b7,1,"[40.715163000000004, -74.050488]","[40.6952045, -74.005395]",4.401527815697584,1.0,5
user_027240b7,2,"[40.715163000000004, -74.050488]","[40.6952045, -74.005395]",4.401527815697584,1.0,10
user_027240b7,3,"[40.715163000000004, -74.050488]","[40.6952045, -74.005395]",4.401527815697584,1.0,20
user_027240b7,5,"[40.715163000000004, -74.050488]","[40.6952045, -74.005395]",4.401527815697584,1.0,40
user_027240b7,8,"[40.715163000000004, -74.050488]","[40.6952045, -74.005395]",4.401527815697584,1.0,60
user_027240b7,10,"[40.715163000000004, -74.050488]","[40.6952045, -74.005395]",4.401527815697584,1.0,80
user_027240b7,12,"[40.715163000000004, -74.050488]","[40.6952045, -74.005395]",4.401527815697584,1.0,100
user_028ea70d,0,"[33.952566999999995, -84.095391]","[37.500671000000004, -77.394889]",721.8445247035469,0.0,0
user_028ea70d,2,"[33.952566999999995, -84.095391]","[37.500671000000004, -77.394889]",721.8445247035469,0.0,5
user_028ea70d,4,"[33.952566999999995, -84.095391]","[37.500671000000004, -77.394889]",721.8445247035469,0.0,10
user_028ea70d,7,"[33.952566999999995, -84.095391]","[33.748637, -84.44241149999999]",39.25757557093724,1.0,20
user_028ea70d,13,"[33.952566999999995, -84.095391]","[33.748637, -84.44241149999999]",39.25757557093724,1.0,40
user_028ea70d,20,"[33.952566999999995, -84.095391]","[41.916661, -71.40430400000001]",1419.6793168940803,0.0,60
user_028ea70d,26,"[33.952566999999995, -84.095391]","[33.748637, -84.44241149999999]",39.25757557093724,1.0,80
user_028ea70d,32,"[33.952566999999995, -84.095391]","[33.748637, -84.44241149999999]",39.25757557093724,1.0,100
user_02b9be6b,0,"[25.715007999999997, -80.321984]","[25.973882, -80.242374]",29.867647250631187,1.0,0
user_02b9be6b,1,"[25.715007999999997, -80.321984]","[25.973882, -80.242374]",29.867647250631187,1.0,5
user_02b9be6b,1,"[25.715007999999997, -80.321984]","[25.973882, -80.242374]",29.867647250631187,1.0,10
user_02b9be6b,2,"[25.715007999999997, -80.321984]","[25.973882, -80.242374]",29.867647250631187,1.0,20
user_02b9be6b,4,"[25.715007999999997, -80.321984]","[25.973882, -80.242374]",29.867647250631187,1.0,40
user_02b9be6b,5,"[25.715007999999997, -80.321984]","[25.973882, -80.242374]",29.867647250631187,1.0,60
user_02b9be6b,7,"[25.715007999999997, -80.321984]","[25.973882, -80.242374]",29.867647250631187,1.0,80
user_02b9be6b,8,"[25.715007999999997, -80.321984]","[25.973882, -80.242374]",29.867647250631187,1.0,100
user_02bc8170,0,"[33.956047, -80.388723]","[33.746497, -84.074836]",341.1757118692413,0.0,0
user_02bc8170,1,"[33.956047, -80.388723]","[33.746497, -84.074836]",341.1757118692413,0.0,5
user_02bc8170,2,"[33.956047, -80.388723]","[33.746497, -84.074836]",341.1757118692413,0.0,10
user_02bc8170,4,"[33.956047, -80.388723]","[33.746497, -84.074836]",341.1757118692413,0.0,20
user_02bc8170,8,"[33.956047, -80.388723]","[33.746497, -84.074836]",341.1757118692413,0.0,40
user_02bc8170,12,"[33.956047, -80.388723]","[33.746497, -84.074836]",341.1757118692413,0.0,60
user_02bc8170,16,"[33.956047, -80.388723]","[33.746497, -84.074836]",341.1757118692413,0.0,80
user_02bc8170,19,"[33.956047, -80.388723]","[35.699328, -80.81794599999999]",197.7630943010524,0.0,100
user_02bf7ba3,0,"[30.431894, -91.172674]","[33.746497, -84.074836]",763.2314341694454,0.0,0
user_02bf7ba3,1,"[30.431894, -91.172674]","[33.746497, -84.074836]",763.2314341694454,0.0,5
user_02bf7ba3,1,"[30.431894, -91.172674]","[33.746497, -84.074836]",763.2314341694454,0.0,10
user_02bf7ba3,1,"[30.431894, -91.172674]","[33.746497, -84.074836]",763.2314341694454,0.0,20
user_02bf7ba3,2,"[30.431894, -91.172674]","[33.746497, -84.074836]",763.2314341694454,0.0,40
user_02bf7ba3,2,"[30.431894, -91.172674]","[33.746497, -84.074836]",763.2314341694454,0.0,60
user_02bf7ba3,3,"[30.431894, -91.172674]","[33.746497, -84.074836]",763.2314341694454,0.0,80
user_02bf7ba3,3,"[30.431894, -91.172674]","[33.746497, -84.074836]",763.2314341694454,0.0,100
user_0353e8ae,0,"[33.991759, -81.026973]","[33.746497, -84.074836]",282.7067759271928,0.0,0
user_0353e8ae,3,"[33.991759, -81.026973]","[33.746497, -84.074836]",282.7067759271928,0.0,5
user_0353e8ae,5,"[33.991759, -81.026973]","[33.746497, -84.074836]",282.7067759271928,0.0,10
user_0353e8ae,9,"[33.991759, -81.026973]","[33.746497, -84.074836]",282.7067759271928,0.0,20
user_0353e8ae,17,"[33.991759, -81.026973]","[35.699328, -80.81794599999999]",190.82887040738092,0.0,40
user_0353e8ae,26,"[33.991759, -81.026973]","[35.699328, -80.81794599999999]",190.82887040738092,0.0,60
user_0353e8ae,34,"[33.991759, -81.026973]","[33.746497, -84.074836]",282.7067759271928,0.0,80
user_0353e8ae,42,"[33.991759, -81.026973]","[33.746497, -84.074836]",282.7067759271928,0.0,100
user_0358290a,0,"[42.329366, -71.083885]","[41.916661, -71.40430400000001]",52.95563258243768,1.0,0
user_0358290a,1,"[42.329366, -71.083885]","[41.916661, -71.40430400000001]",52.95563258243768,1.0,5
user_0358290a,1,"[42.329366, -71.083885]","[41.916661, -71.40430400000001]",52.95563258243768,1.0,10
user_0358290a,2,"[42.329366, -71.083885]","[41.916661, -71.40430400000001]",52.95563258243768,1.0,20
user_0358290a,4,"[42.329366, -71.083885]","[41.916661, -71.40430400000001]",52.95563258243768,1.0,40
user_0358290a,6,"[42.329366, -71.083885]","[41.916661, -71.40430400000001]",52.95563258243768,1.0,60
user_0358290a,8,"[42.329366, -71.083885]","[41.916661, -71.40430400000001]",52.95563258243768,1.0,80
user_0358290a,10,"[42.329366, -71.083885]","[41.916661, -71.40430400000001]",52.95563258243768,1.0,100
user_0382fe49,0,"[39.984679, -104.880067]","[32.966581500000004, -96.941848]",1053.9584358080285,0.0,0
user_0382fe49,1,"[39.984679, -104.880067]","[32.966581500000004, -96.941848]",1053.9584358080285,0.0,5
user_0382fe49,2,"[39.984679, -104.880067]","[32.966581500000004, -96.941848]",1053.9584358080285,0.0,10
user_0382fe49,3,"[39.984679, -104.880067]","[32.966581500000004, -96.941848]",1053.9584358080285,0.0,20
user_0382fe49,5,"[39.984679, -104.880067]","[32.966581500000004, -96.941848]",1053.9584358080285,0.0,40
user_0382fe49,8,"[39.984679, -104.880067]","[32.966581500000004, -96.941848]",1053.9584358080285,0.0,60
user_0382fe49,10,"[39.984679, -104.880067]","[32.966581500000004, -96.941848]",1053.9584358080285,0.0,80
user_0382fe49,12,"[39.984679, -104.880067]","[32.966581500000004, -96.941848]",1053.9584358080285,0.0,100
user_03c6b720,0,"[40.604419, -73.754601]","[40.6952045, -74.005395]",23.44290600909879,1.0,0
user_03c6b720,1,"[40.604419, -73.754601]","[40.9112535, -73.7748885]",34.161250068870054,1.0,5
user_03c6b720,1,"[40.604419, -73.754601]","[40.9112535, -73.7748885]",34.161250068870054,1.0,10
user_03c6b720,2,"[40.604419, -73.754601]","[40.9112535, -73.7748885]",34.161250068870054,1.0,20
user_03c6b720,3,"[40.604419, -73.754601]","[40.9112535, -73.7748885]",34.161250068870054,1.0,40
user_03c6b720,5,"[40.604419, -73.754601]","[38.935939499999996, -77.024115]",335.3768061775485,0.0,60
user_03c6b720,6,"[40.604419, -73.754601]","[38.935939499999996, -77.024115]",335.3768061775485,0.0,80
user_03c6b720,7,"[40.604419, -73.754601]","[38.935939499999996, -77.024115]",335.3768061775485,0.0,100
user_03d8769a,0,"[37.025089, -76.342439]","[33.748637, -84.44241149999999]",819.2916039466728,0.0,0
user_03d8769a,1,"[37.025089, -76.342439]","[33.748637, -84.44241149999999]",819.2916039466728,0.0,5
user_03d8769a,1,"[37.025089, -76.342439]","[33.748637, -84.44241149999999]",819.2916039466728,0.0,10
user_03d8769a,1,"[37.025089, -76.342439]","[33.748637, -84.44241149999999]",819.2916039466728,0.0,20
user_03d8769a,1,"[37.025089, -76.342439]","[33.748637, -84.44241149999999]",819.2916039466728,0.0,40
user_03d8769a,2,"[37.025089, -76.342439]","[33.748637, -84.44241149999999]",819.2916039466728,0.0,60
user_03d8769a,2,"[37.025089, -76.342439]","[33.748637, -84.44241149999999]",819.2916039466728,0.0,80
user_03d8769a,2,"[37.025089, -76.342439]","[33.748637, -84.44241149999999]",819.2916039466728,0.0,100
user_03e00276,0,"[41.333726, -72.92830699999999]","[35.699328, -80.81794599999999]",928.6010383959924,0.0,0
user_03e00276,2,"[41.333726, -72.92830699999999]","[35.699328, -80.81794599999999]",928.6010383959924,0.0,5
user_03e00276,4,"[41.333726, -72.92830699999999]","[35.699328, -80.81794599999999]",928.6010383959924,0.0,10
user_03e00276,7,"[41.333726, -72.92830699999999]","[35.699328, -80.81794599999999]",928.6010383959924,0.0,20
user_03e00276,14,"[41.333726, -72.92830699999999]","[35.699328, -80.81794599999999]",928.6010383959924,0.0,40
user_03e00276,20,"[41.333726, -72.92830699999999]","[35.699328, -80.81794599999999]",928.6010383959924,0.0,60
user_03e00276,27,"[41.333726, -72.92830699999999]","[40.679817, -73.849707]",106.13408246855722,1.0,80
user_03e00276,33,"[41.333726, -72.92830699999999]","[35.699328, -80.81794599999999]",928.6010383959924,0.0,100
user_03e9e8a9,0,"[34.134991, -117.561371]","[34.393699999999995, -118.24542149999999]",69.13159471261251,1.0,0
user_03e9e8a9,2,"[34.134991, -117.561371]","[34.393699999999995, -118.24542149999999]",69.13159471261251,1.0,5
user_03e9e8a9,3,"[34.134991, -117.561371]","[34.393699999999995, -118.24542149999999]",69.13159471261251,1.0,10
user_03e9e8a9,5,"[34.134991, -117.561371]","[34.393699999999995, -118.24542149999999]",69.13159471261251,1.0,20
user_03e9e8a9,10,"[34.134991, -117.561371]","[33.935105, -118.29469]",71.13434153568916,1.0,40
user_03e9e8a9,15,"[34.134991, -117.561371]","[34.393699999999995, -118.24542149999999]",69.13159471261251,1.0,60
user_03e9e8a9,20,"[34.134991, -117.561371]","[34.393699999999995, -118.24542149999999]",69.13159471261251,1.0,80
user_03e9e8a9,25,"[34.134991, -117.561371]","[34.393699999999995, -118.24542149999999]",69.13159471261251,1.0,100
user_04404fd9,0,"[36.636402000000004, -87.46505]","[40.0097845, -75.15243749999999]",1136.5373638900844,0.0,0
user_04404fd9,1,"[36.636402000000004, -87.46505]","[40.0097845, -75.15243749999999]",1136.5373638900844,0.0,5
user_04404fd9,1,"[36.636402000000004, -87.46505]","[40.0097845, -75.15243749999999]",1136.5373638900844,0.0,10
user_04404fd9,1,"[36.636402000000004, -87.46505]","[40.0097845, -75.15243749999999]",1136.5373638900844,0.0,20
user_04404fd9,2,"[36.636402000000004, -87.46505]","[42.392489999999995, -83.472249]",725.7127961063753,0.0,40
user_04404fd9,3,"[36.636402000000004, -87.46505]","[40.68682149999999, -73.942293]",1255.8897200009346,0.0,60
user_04404fd9,4,"[36.636402000000004, -87.46505]","[42.392489999999995, -83.472249]",725.7127961063753,0.0,80
user_04404fd9,5,"[36.636402000000004, -87.46505]","[42.392489999999995, -83.472249]",725.7127961063753,0.0,100
user_04b3ff64,0,"[34.040688, -84.579036]","[33.748637, -84.44241149999999]",34.837064097433,1.0,0
user_04b3ff64,1,"[34.040688, -84.579036]","[33.748637, -84.44241149999999]",34.837064097433,1.0,5
user_04b3ff64,1,"[34.040688, -84.579036]","[33.748637, -84.44241149999999]",34.837064097433,1.0,10
user_04b3ff64,1,"[34.040688, -84.579036]","[33.748637, -84.44241149999999]",34.837064097433,1.0,20
user_04b3ff64,2,"[34.040688, -84.579036]","[40.9112535, -73.7748885]",1220.1003556776166,0.0,40
user_04b3ff64,2,"[34.040688, -84.579036]","[40.9112535, -73.7748885]",1220.1003556776166,0.0,60
user_04b3ff64,3,"[34.040688, -84.579036]","[40.9112535, -73.7748885]",1220.1003556776166,0.0,80
user_04b3ff64,3,"[34.040688, -84.579036]","[40.9112535, -73.7748885]",1220.1003556776166,0.0,100
user_04baefe3,0,"[39.807952, -75.925399]","[38.935939499999996, -77.024115]",135.35509271365876,1.0,0
user_04baefe3,1,"[39.807952, -75.925399]","[38.935939499999996, -77.024115]",135.35509271365876,1.0,5
user_04baefe3,1,"[39.807952, -75.925399]","[38.935939499999996, -77.024115]",135.35509271365876,1.0,10
user_04baefe3,2,"[39.807952, -75.925399]","[41.916661, -71.40430400000001]",446.5963370527762,0.0,20
user_04baefe3,4,"[39.807952, -75.925399]","[41.916661, -71.40430400000001]",446.5963370527762,0.0,40
user_04baefe3,6,"[39.807952, -75.925399]","[41.916661, -71.40430400000001]",446.5963370527762,0.0,60
user_04baefe3,8,"[39.807952, -75.925399]","[41.916661, -71.40430400000001]",446.5963370527762,0.0,80
user_04baefe3,10,"[39.807952, -75.925399]","[41.916661, -71.40430400000001]",446.5963370527762,0.0,100
user_04d5ae7e,0,"[32.011023, -81.057825]","[30.248988500000003, -82.335955]",230.6206952268657,0.0,0
user_04d5ae7e,1,"[32.011023, -81.057825]","[30.248988500000003, -82.335955]",230.6206952268657,0.0,5
user_04d5ae7e,2,"[32.011023, -81.057825]","[30.248988500000003, -82.335955]",230.6206952268657,0.0,10
user_04d5ae7e,3,"[32.011023, -81.057825]","[30.248988500000003, -82.335955]",230.6206952268657,0.0,20
user_04d5ae7e,6,"[32.011023, -81.057825]","[30.248988500000003, -82.335955]",230.6206952268657,0.0,40
user_04d5ae7e,8,"[32.011023, -81.057825]","[30.248988500000003, -82.335955]",230.6206952268657,0.0,60
user_04d5ae7e,11,"[32.011023, -81.057825]","[30.248988500000003, -82.335955]",230.6206952268657,0.0,80
user_04d5ae7e,13,"[32.011023, -81.057825]","[30.248988500000003, -82.335955]",230.6206952268657,0.0,100
user_04f00846,0,"[41.09551, -74.016537]","[40.767058, -73.997]",36.55910524537806,1.0,0
user_04f00846,2,"[41.09551, -74.016537]","[40.767058, -73.997]",36.55910524537806,1.0,5
user_04f00846,4,"[41.09551, -74.016537]","[40.767058, -73.997]",36.55910524537806,1.0,10
user_04f00846,7,"[41.09551, -74.016537]","[40.767058, -73.997]",36.55910524537806,1.0,20
user_04f00846,13,"[41.09551, -74.016537]","[40.9112535, -73.7748885]",28.82663892799059,1.0,40
user_04f00846,20,"[41.09551, -74.016537]","[40.9112535, -73.7748885]",28.82663892799059,1.0,60
user_04f00846,26,"[41.09551, -74.016537]","[40.9112535, -73.7748885]",28.82663892799059,1.0,80
user_04f00846,32,"[41.09551, -74.016537]","[40.767058, -73.997]",36.55910524537806,1.0,100
user_05359f88,0,"[36.339573, -78.41385600000001]","[30.248988500000003, -82.335955]",768.9218067220387,0.0,0
user_05359f88,3,"[36.339573, -78.41385600000001]","[30.248988500000003, -82.335955]",768.9218067220387,0.0,5
user_05359f88,5,"[36.339573, -78.41385600000001]","[30.248988500000003, -82.335955]",768.9218067220387,0.0,10
user_05359f88,9,"[36.339573, -78.41385600000001]","[30.248988500000003, -82.335955]",768.9218067220387,0.0,20
user_05359f88,18,"[36.339573, -78.41385600000001]","[41.916661, -71.40430400000001]",865.5136683504754,0.0,40
user_05359f88,27,"[36.339573, -78.41385600000001]","[41.916661, -71.40430400000001]",865.5136683504754,0.0,60
user_05359f88,36,"[36.339573, -78.41385600000001]","[38.1297562, -85.9286095]",694.1815022124003,0.0,80
user_05359f88,44,"[36.339573, -78.41385600000001]","[41.888062, -87.853226]",1020.6505118179111,0.0,100
user_0555ab22,0,"[39.188237, -75.540796]","[39.307559999999995, -76.65441700000001]",96.80816889918151,1.0,0
user_0555ab22,1,"[39.188237, -75.540796]","[37.500671000000004, -77.394889]",247.69159931702856,0.0,5
user_0555ab22,2,"[39.188237, -75.540796]","[37.500671000000004, -77.394889]",247.69159931702856,0.0,10
user_0555ab22,3,"[39.188237, -75.540796]","[37.500671000000004, -77.394889]",247.69159931702856,0.0,20
user_0555ab22,5,"[39.188237, -75.540796]","[37.500671000000004, -77.394889]",247.69159931702856,0.0,40
user_0555ab22,7,"[39.188237, -75.540796]","[37.500671000000004, -77.394889]",247.69159931702856,0.0,60
user_0555ab22,9,"[39.188237, -75.540796]","[37.500671000000004, -77.394889]",247.69159931702856,0.0,80
user_0555ab22,11,"[39.188237, -75.540796]","[30.248988500000003, -82.335955]",1171.1945031712298,0.0,100
user_055cdf03,0,"[40.751304, -74.211725]","[40.6952045, -74.005395]",18.47281296596011,1.0,0
user_055cdf03,1,"[40.751304, -74.211725]","[41.888062, -87.853226]",1144.984423067333,0.0,5
user_055cdf03,2,"[40.751304, -74.211725]","[41.888062, -87.853226]",1144.984423067333,0.0,10
user_055cdf03,4,"[40.751304, -74.211725]","[41.888062, -87.853226]",1144.984423067333,0.0,20
user_055cdf03,8,"[40.751304, -74.211725]","[41.888062, -87.853226]",1144.984423067333,0.0,40
user_055cdf03,12,"[40.751304, -74.211725]","[41.888062, -87.853226]",1144.984423067333,0.0,60
user_055cdf03,16,"[40.751304, -74.211725]","[41.888062, -87.853226]",1144.984423067333,0.0,80
user_055cdf03,19,"[40.751304, -74.211725]","[41.888062, -87.853226]",1144.984423067333,0.0,100
user_0566f050,0,"[42.351259999999996, -122.91830700000001]","[33.592547999999994, -117.1703525]",1095.8608348425878,0.0,0
user_0566f050,1,"[42.351259999999996, -122.91830700000001]","[33.592547999999994, -117.1703525]",1095.8608348425878,0.0,5
user_0566f050,1,"[42.351259999999996, -122.91830700000001]","[33.592547999999994, -117.1703525]",1095.8608348425878,0.0,10
user_0566f050,1,"[42.351259999999996, -122.91830700000001]","[33.592547999999994, -117.1703525]",1095.8608348425878,0.0,20
user_0566f050,2,"[42.351259999999996, -122.91830700000001]","[33.592547999999994, -117.1703525]",1095.8608348425878,0.0,40
user_0566f050,3,"[42.351259999999996, -122.91830700000001]","[33.592547999999994, -117.1703525]",1095.8608348425878,0.0,60
user_0566f050,4,"[42.351259999999996, -122.91830700000001]","[33.592547999999994, -117.1703525]",1095.8608348425878,0.0,80
user_0566f050,5,"[42.351259999999996, -122.91830700000001]","[33.592547999999994, -117.1703525]",1095.8608348425878,0.0,100
user_056a2eb2,0,"[37.055642, -76.399305]","[43.027428, -77.610271]",671.9650464063297,0.0,0
user_056a2eb2,1,"[37.055642, -76.399305]","[43.027428, -77.610271]",671.9650464063297,0.0,5
user_056a2eb2,2,"[37.055642, -76.399305]","[43.027428, -77.610271]",671.9650464063297,0.0,10
user_056a2eb2,4,"[37.055642, -76.399305]","[43.027428, -77.610271]",671.9650464063297,0.0,20
user_056a2eb2,8,"[37.055642, -76.399305]","[43.027428, -77.610271]",671.9650464063297,0.0,40
user_056a2eb2,12,"[37.055642, -76.399305]","[43.027428, -77.610271]",671.9650464063297,0.0,60
user_056a2eb2,16,"[37.055642, -76.399305]","[40.812029499999994, -73.93619749999999]",468.833630649723,0.0,80
user_056a2eb2,20,"[37.055642, -76.399305]","[40.0097845, -75.15243749999999]",345.9162435790728,0.0,100
user_0574ec96,0,"[29.531613, -95.386957]","[29.694716500000002, -95.5632315]",24.885898473540752,1.0,0
user_0574ec96,1,"[29.531613, -95.386957]","[33.187655500000005, -90.102037]",645.6429396133016,0.0,5
user_0574ec96,2,"[29.531613, -95.386957]","[33.187655500000005, -90.102037]",645.6429396133016,0.0,10
user_0574ec96,4,"[29.531613, -95.386957]","[33.187655500000005, -90.102037]",645.6429396133016,0.0,20
user_0574ec96,7,"[29.531613, -95.386957]","[33.187655500000005, -90.102037]",645.6429396133016,0.0,40
user_0574ec96,11,"[29.531613, -95.386957]","[33.187655500000005, -90.102037]",645.6429396133016,0.0,60
user_0574ec96,14,"[29.531613, -95.386957]","[40.679817, -73.849707]",2308.655387111197,0.0,80
user_0574ec96,17,"[29.531613, -95.386957]","[33.935105, -118.29469]",2216.0155636966942,0.0,100
user_057f1471,0,"[45.379387, -75.76917399999999]","[41.446424, -81.536098]",638.6244581201928,0.0,0
user_057f1471,1,"[45.379387, -75.76917399999999]","[41.446424, -81.536098]",638.6244581201928,0.0,5
user_057f1471,1,"[45.379387, -75.76917399999999]","[41.446424, -81.536098]",638.6244581201928,0.0,10
user_057f1471,1,"[45.379387, -75.76917399999999]","[41.446424, -81.536098]",638.6244581201928,0.0,20
user_057f1471,1,"[45.379387, -75.76917399999999]","[41.446424, -81.536098]",638.6244581201928,0.0,40
user_057f1471,2,"[45.379387, -75.76917399999999]","[41.446424, -81.536098]",638.6244581201928,0.0,60
user_057f1471,2,"[45.379387, -75.76917399999999]","[41.446424, -81.536098]",638.6244581201928,0.0,80
user_057f1471,2,"[45.379387, -75.76917399999999]","[41.446424, -81.536098]",638.6244581201928,0.0,100
user_0595ced5,0,"[36.769942, -78.920068]","[29.694716500000002, -95.5632315]",1732.9476698748454,0.0,0
user_0595ced5,4,"[36.769942, -78.920068]","[29.694716500000002, -95.5632315]",1732.9476698748454,0.0,5
user_0595ced5,7,"[36.769942, -78.920068]","[29.694716500000002, -95.5632315]",1732.9476698748454,0.0,10
user_0595ced5,13,"[36.769942, -78.920068]","[29.694716500000002, -95.5632315]",1732.9476698748454,0.0,20
user_0595ced5,26,"[36.769942, -78.920068]","[29.694716500000002, -95.5632315]",1732.9476698748454,0.0,40
user_0595ced5,38,"[36.769942, -78.920068]","[29.694716500000002, -95.5632315]",1732.9476698748454,0.0,60
user_0595ced5,51,"[36.769942, -78.920068]","[39.307559999999995, -76.65441700000001]",344.9199476585536,0.0,80
user_0595ced5,63,"[36.769942, -78.920068]","[29.694716500000002, -95.5632315]",1732.9476698748454,0.0,100
user_059788eb,0,"[34.363136, -89.562111]","[33.187655500000005, -90.102037]",139.90966022646236,1.0,0
user_059788eb,2,"[34.363136, -89.562111]","[33.187655500000005, -90.102037]",139.90966022646236,1.0,5
user_059788eb,4,"[34.363136, -89.562111]","[33.187655500000005, -90.102037]",139.90966022646236,1.0,10
user_059788eb,7,"[34.363136, -89.562111]","[33.187655500000005, -90.102037]",139.90966022646236,1.0,20
user_059788eb,14,"[34.363136, -89.562111]","[33.187655500000005, -90.102037]",139.90966022646236,1.0,40
user_059788eb,20,"[34.363136, -89.562111]","[33.187655500000005, -90.102037]",139.90966022646236,1.0,60
user_059788eb,27,"[34.363136, -89.562111]","[33.187655500000005, -90.102037]",139.90966022646236,1.0,80
user_059788eb,33,"[34.363136, -89.562111]","[33.187655500000005, -90.102037]",139.90966022646236,1.0,100
user_059e3e4b,0,"[40.753267, -73.346816]","[40.679817, -73.849707]",43.163263222697914,1.0,0
user_059e3e4b,1,"[40.753267, -73.346816]","[40.679817, -73.849707]",43.163263222697914,1.0,5
user_059e3e4b,1,"[40.753267, -73.346816]","[40.679817, -73.849707]",43.163263222697914,1.0,10
user_059e3e4b,1,"[40.753267, -73.346816]","[40.679817, -73.849707]",43.163263222697914,1.0,20
user_059e3e4b,2,"[40.753267, -73.346816]","[40.679817, -73.849707]",43.163263222697914,1.0,40
user_059e3e4b,3,"[40.753267, -73.346816]","[40.679817, -73.849707]",43.163263222697914,1.0,60
user_059e3e4b,4,"[40.753267, -73.346816]","[40.679817, -73.849707]",43.163263222697914,1.0,80
user_059e3e4b,5,"[40.753267, -73.346816]","[40.679817, -73.849707]",43.163263222697914,1.0,100
user_05d21bea,0,"[29.768589000000002, -95.337734]","[29.694716500000002, -95.5632315]",23.271313858767435,1.0,0
user_05d21bea,2,"[29.768589000000002, -95.337734]","[29.694716500000002, -95.5632315]",23.271313858767435,1.0,5
user_05d21bea,4,"[29.768589000000002, -95.337734]","[29.694716500000002, -95.5632315]",23.271313858767435,1.0,10
user_05d21bea,7,"[29.768589000000002, -95.337734]","[29.694716500000002, -95.5632315]",23.271313858767435,1.0,20
user_05d21bea,13,"[29.768589000000002, -95.337734]","[29.694716500000002, -95.5632315]",23.271313858767435,1.0,40
user_05d21bea,20,"[29.768589000000002, -95.337734]","[33.187655500000005, -90.102037]",625.1869070347346,0.0,60
user_05d21bea,26,"[29.768589000000002, -95.337734]","[29.694716500000002, -95.5632315]",23.271313858767435,1.0,80
user_05d21bea,32,"[29.768589000000002, -95.337734]","[29.694716500000002, -95.5632315]",23.271313858767435,1.0,100
user_05ed473f,0,"[32.421712, -93.758625]","[41.916661, -71.40430400000001]",2234.9877345155937,0.0,0
user_05ed473f,1,"[32.421712, -93.758625]","[41.916661, -71.40430400000001]",2234.9877345155937,0.0,5
user_05ed473f,1,"[32.421712, -93.758625]","[41.916661, -71.40430400000001]",2234.9877345155937,0.0,10
user_05ed473f,1,"[32.421712, -93.758625]","[41.916661, -71.40430400000001]",2234.9877345155937,0.0,20
user_05ed473f,2,"[32.421712, -93.758625]","[41.916661, -71.40430400000001]",2234.9877345155937,0.0,40
user_05ed473f,2,"[32.421712, -93.758625]","[41.916661, -71.40430400000001]",2234.9877345155937,0.0,60
user_05ed473f,3,"[32.421712, -93.758625]","[41.916661, -71.40430400000001]",2234.9877345155937,0.0,80
user_05ed473f,3,"[32.421712, -93.758625]","[41.916661, -71.40430400000001]",2234.9877345155937,0.0,100
user_060db402,0,"[40.638923999999996, -73.952225]","[40.68682149999999, -73.942293]",5.391449651432439,1.0,0
user_060db402,1,"[40.638923999999996, -73.952225]","[40.68682149999999, -73.942293]",5.391449651432439,1.0,5
user_060db402,1,"[40.638923999999996, -73.952225]","[40.68682149999999, -73.942293]",5.391449651432439,1.0,10
user_060db402,2,"[40.638923999999996, -73.952225]","[40.68682149999999, -73.942293]",5.391449651432439,1.0,20
user_060db402,3,"[40.638923999999996, -73.952225]","[40.68682149999999, -73.942293]",5.391449651432439,1.0,40
user_060db402,4,"[40.638923999999996, -73.952225]","[40.862080999999996, -73.893029]",25.310029042578343,1.0,60
user_060db402,5,"[40.638923999999996, -73.952225]","[35.699328, -80.81794599999999]",813.0982963612973,0.0,80
user_060db402,6,"[40.638923999999996, -73.952225]","[35.699328, -80.81794599999999]",813.0982963612973,0.0,100
user_0617e84c,0,"[37.625023999999996, -122.07968400000001]","[40.68682149999999, -73.942293]",4112.6032307515,0.0,0
user_0617e84c,1,"[37.625023999999996, -122.07968400000001]","[34.393699999999995, -118.24542149999999]",497.94590481684315,0.0,5
user_0617e84c,1,"[37.625023999999996, -122.07968400000001]","[34.393699999999995, -118.24542149999999]",497.94590481684315,0.0,10
user_0617e84c,2,"[37.625023999999996, -122.07968400000001]","[34.393699999999995, -118.24542149999999]",497.94590481684315,0.0,20
user_0617e84c,4,"[37.625023999999996, -122.07968400000001]","[34.393699999999995, -118.24542149999999]",497.94590481684315,0.0,40
user_0617e84c,5,"[37.625023999999996, -122.07968400000001]","[34.393699999999995, -118.24542149999999]",497.94590481684315,0.0,60
user_0617e84c,7,"[37.625023999999996, -122.07968400000001]","[34.393699999999995, -118.24542149999999]",497.94590481684315,0.0,80
user_0617e84c,8,"[37.625023999999996, -122.07968400000001]","[34.393699999999995, -118.24542149999999]",497.94590481684315,0.0,100
user_06248d78,0,"[45.053863, -93.377516]","[41.888062, -87.853226]",567.7944328559498,0.0,0
user_06248d78,2,"[45.053863, -93.377516]","[41.888062, -87.853226]",567.7944328559498,0.0,5
user_06248d78,3,"[45.053863, -93.377516]","[41.888062, -87.853226]",567.7944328559498,0.0,10
user_06248d78,5,"[45.053863, -93.377516]","[41.888062, -87.853226]",567.7944328559498,0.0,20
user_06248d78,9,"[45.053863, -93.377516]","[41.888062, -87.853226]",567.7944328559498,0.0,40
user_06248d78,13,"[45.053863, -93.377516]","[41.888062, -87.853226]",567.7944328559498,0.0,60
user_06248d78,17,"[45.053863, -93.377516]","[41.888062, -87.853226]",567.7944328559498,0.0,80
user_06248d78,21,"[45.053863, -93.377516]","[41.888062, -87.853226]",567.7944328559498,0.0,100
user_06298aab,0,"[29.645474, -95.574696]","[29.694716500000002, -95.5632315]",5.5864358196509265,1.0,0
user_06298aab,1,"[29.645474, -95.574696]","[29.694716500000002, -95.5632315]",5.5864358196509265,1.0,5
user_06298aab,1,"[29.645474, -95.574696]","[29.694716500000002, -95.5632315]",5.5864358196509265,1.0,10
user_06298aab,2,"[29.645474, -95.574696]","[29.694716500000002, -95.5632315]",5.5864358196509265,1.0,20
user_06298aab,4,"[29.645474, -95.574696]","[29.694716500000002, -95.5632315]",5.5864358196509265,1.0,40
user_06298aab,6,"[29.645474, -95.574696]","[29.694716500000002, -95.5632315]",5.5864358196509265,1.0,60
user_06298aab,8,"[29.645474, -95.574696]","[29.694716500000002, -95.5632315]",5.5864358196509265,1.0,80
user_06298aab,10,"[29.645474, -95.574696]","[29.694716500000002, -95.5632315]",5.5864358196509265,1.0,100
user_066aff57,0,"[34.028372999999995, -84.350139]","[33.748637, -84.44241149999999]",32.250292168667066,1.0,0
user_066aff57,4,"[34.028372999999995, -84.350139]","[33.748637, -84.44241149999999]",32.250292168667066,1.0,5
user_066aff57,8,"[34.028372999999995, -84.350139]","[33.748637, -84.44241149999999]",32.250292168667066,1.0,10
user_066aff57,16,"[34.028372999999995, -84.350139]","[33.748637, -84.44241149999999]",32.250292168667066,1.0,20
user_066aff57,32,"[34.028372999999995, -84.350139]","[33.748637, -84.44241149999999]",32.250292168667066,1.0,40
user_066aff57,48,"[34.028372999999995, -84.350139]","[33.748637, -84.44241149999999]",32.250292168667066,1.0,60
user_066aff57,64,"[34.028372999999995, -84.350139]","[33.748637, -84.44241149999999]",32.250292168667066,1.0,80
user_066aff57,79,"[34.028372999999995, -84.350139]","[33.748637, -84.44241149999999]",32.250292168667066,1.0,100
user_067bc0d1,0,"[40.67625, -73.741447]","[40.689132, -73.721469]",2.211263634284601,1.0,0
user_067bc0d1,3,"[40.67625, -73.741447]","[40.689132, -73.721469]",2.211263634284601,1.0,5
user_067bc0d1,6,"[40.67625, -73.741447]","[40.689132, -73.721469]",2.211263634284601,1.0,10
user_067bc0d1,11,"[40.67625, -73.741447]","[40.689132, -73.721469]",2.211263634284601,1.0,20
user_067bc0d1,21,"[40.67625, -73.741447]","[40.689132, -73.721469]",2.211263634284601,1.0,40
user_067bc0d1,31,"[40.67625, -73.741447]","[40.689132, -73.721469]",2.211263634284601,1.0,60
user_067bc0d1,41,"[40.67625, -73.741447]","[40.679817, -73.849707]",9.1380257460791,1.0,80
user_067bc0d1,51,"[40.67625, -73.741447]","[40.689132, -73.721469]",2.211263634284601,1.0,100
user_069d9ba4,0,"[35.043458, -78.986701]","[35.952729999999995, -78.541696]",108.83637806966267,1.0,0
user_069d9ba4,2,"[35.043458, -78.986701]","[35.952729999999995, -78.541696]",108.83637806966267,1.0,5
user_069d9ba4,3,"[35.043458, -78.986701]","[35.952729999999995, -78.541696]",108.83637806966267,1.0,10
user_069d9ba4,5,"[35.043458, -78.986701]","[35.952729999999995, -78.541696]",108.83637806966267,1.0,20
user_069d9ba4,10,"[35.043458, -78.986701]","[35.952729999999995, -78.541696]",108.83637806966267,1.0,40
user_069d9ba4,14,"[35.043458, -78.986701]","[35.952729999999995, -78.541696]",108.83637806966267,1.0,60
user_069d9ba4,19,"[35.043458, -78.986701]","[35.952729999999995, -78.541696]",108.83637806966267,1.0,80
user_069d9ba4,23,"[35.043458, -78.986701]","[35.952729999999995, -78.541696]",108.83637806966267,1.0,100
user_06ec6026,0,"[40.66425, -73.871848]","[40.6952045, -74.005395]",11.775808156920926,1.0,0
user_06ec6026,1,"[40.66425, -73.871848]","[40.6952045, -74.005395]",11.775808156920926,1.0,5
user_06ec6026,1,"[40.66425, -73.871848]","[40.6952045, -74.005395]",11.775808156920926,1.0,10
user_06ec6026,2,"[40.66425, -73.871848]","[40.6952045, -74.005395]",11.775808156920926,1.0,20
user_06ec6026,3,"[40.66425, -73.871848]","[40.6952045, -74.005395]",11.775808156920926,1.0,40
user_06ec6026,4,"[40.66425, -73.871848]","[40.6952045, -74.005395]",11.775808156920926,1.0,60
user_06ec6026,5,"[40.66425, -73.871848]","[40.6952045, -74.005395]",11.775808156920926,1.0,80
user_06ec6026,6,"[40.66425, -73.871848]","[40.6952045, -74.005395]",11.775808156920926,1.0,100
user_06f426b8,0,"[31.241482, -90.434754]","[33.935105, -118.29469]",2619.2275792412256,0.0,0
user_06f426b8,2,"[31.241482, -90.434754]","[33.935105, -118.29469]",2619.2275792412256,0.0,5
user_06f426b8,3,"[31.241482, -90.434754]","[33.935105, -118.29469]",2619.2275792412256,0.0,10
user_06f426b8,5,"[31.241482, -90.434754]","[33.935105, -118.29469]",2619.2275792412256,0.0,20
user_06f426b8,9,"[31.241482, -90.434754]","[33.935105, -118.29469]",2619.2275792412256,0.0,40
user_06f426b8,14,"[31.241482, -90.434754]","[33.935105, -118.29469]",2619.2275792412256,0.0,60
user_06f426b8,18,"[31.241482, -90.434754]","[33.935105, -118.29469]",2619.2275792412256,0.0,80
user_06f426b8,22,"[31.241482, -90.434754]","[38.1297562, -85.9286095]",869.4237092984298,0.0,100
user_07099cde,0,"[28.066688, -81.952496]","[39.307559999999995, -76.65441700000001]",1341.9239806759006,0.0,0
user_07099cde,2,"[28.066688, -81.952496]","[39.307559999999995, -76.65441700000001]",1341.9239806759006,0.0,5
user_07099cde,4,"[28.066688, -81.952496]","[39.307559999999995, -76.65441700000001]",1341.9239806759006,0.0,10
user_07099cde,8,"[28.066688, -81.952496]","[39.307559999999995, -76.65441700000001]",1341.9239806759006,0.0,20
user_07099cde,16,"[28.066688, -81.952496]","[39.307559999999995, -76.65441700000001]",1341.9239806759006,0.0,40
user_07099cde,24,"[28.066688, -81.952496]","[39.307559999999995, -76.65441700000001]",1341.9239806759006,0.0,60
user_07099cde,32,"[28.066688, -81.952496]","[33.746497, -84.074836]",663.1783152074678,0.0,80
user_07099cde,39,"[28.066688, -81.952496]","[39.307559999999995, -76.65441700000001]",1341.9239806759006,0.0,100
user_073ae410,0,"[40.75, -73.997]","[40.767058, -73.997]",1.8967656786229576,1.0,0
user_073ae410,4,"[40.75, -73.997]","[40.9112535, -73.7748885]",25.898353509450903,1.0,5
user_073ae410,7,"[40.75, -73.997]","[40.9112535, -73.7748885]",25.898353509450903,1.0,10
user_073ae410,13,"[40.75, -73.997]","[40.9112535, -73.7748885]",25.898353509450903,1.0,20
user_073ae410,25,"[40.75, -73.997]","[40.9112535, -73.7748885]",25.898353509450903,1.0,40
user_073ae410,37,"[40.75, -73.997]","[40.6472835, -73.936812]",12.49790809964185,1.0,60
user_073ae410,49,"[40.75, -73.997]","[40.6472835, -73.936812]",12.49790809964185,1.0,80
user_073ae410,61,"[40.75, -73.997]","[40.812029499999994, -73.93619749999999]",8.589683064211634,1.0,100
user_073f6805,0,"[42.354918, -83.076103]","[42.392489999999995, -83.472249]",32.80925758606731,1.0,0
user_073f6805,3,"[42.354918, -83.076103]","[42.392489999999995, -83.472249]",32.80925758606731,1.0,5
user_073f6805,6,"[42.354918, -83.076103]","[42.392489999999995, -83.472249]",32.80925758606731,1.0,10
user_073f6805,11,"[42.354918, -83.076103]","[42.392489999999995, -83.472249]",32.80925758606731,1.0,20
user_073f6805,21,"[42.354918, -83.076103]","[42.392489999999995, -83.472249]",32.80925758606731,1.0,40
user_073f6805,31,"[42.354918, -83.076103]","[42.392489999999995, -83.472249]",32.80925758606731,1.0,60
user_073f6805,41,"[42.354918, -83.076103]","[42.392489999999995, -83.472249]",32.80925758606731,1.0,80
user_073f6805,51,"[42.354918, -83.076103]","[40.6952045, -74.005395]",776.9201035265418,0.0,100
user_07713420,0,"[42.494741999999995, -76.325317]","[41.916661, -71.40430400000001]",410.32999515802163,0.0,0
user_07713420,1,"[42.494741999999995, -76.325317]","[41.916661, -71.40430400000001]",410.32999515802163,0.0,5
user_07713420,1,"[42.494741999999995, -76.325317]","[41.916661, -71.40430400000001]",410.32999515802163,0.0,10
user_07713420,2,"[42.494741999999995, -76.325317]","[41.916661, -71.40430400000001]",410.32999515802163,0.0,20
user_07713420,4,"[42.494741999999995, -76.325317]","[41.916661, -71.40430400000001]",410.32999515802163,0.0,40
user_07713420,6,"[42.494741999999995, -76.325317]","[41.916661, -71.40430400000001]",410.32999515802163,0.0,60
user_07713420,8,"[42.494741999999995, -76.325317]","[41.916661, -71.40430400000001]",410.32999515802163,0.0,80
user_07713420,9,"[42.494741999999995, -76.325317]","[41.916661, -71.40430400000001]",410.32999515802163,0.0,100
user_07737f16,0,"[47.5468808, -122.31405]","[40.679817, -73.849707]",3878.336554235192,0.0,0
user_07737f16,1,"[47.5468808, -122.31405]","[40.679817, -73.849707]",3878.336554235192,0.0,5
user_07737f16,1,"[47.5468808, -122.31405]","[40.679817, -73.849707]",3878.336554235192,0.0,10
user_07737f16,1,"[47.5468808, -122.31405]","[40.679817, -73.849707]",3878.336554235192,0.0,20
user_07737f16,2,"[47.5468808, -122.31405]","[40.679817, -73.849707]",3878.336554235192,0.0,40
user_07737f16,2,"[47.5468808, -122.31405]","[40.679817, -73.849707]",3878.336554235192,0.0,60
user_07737f16,3,"[47.5468808, -122.31405]","[40.679817, -73.849707]",3878.336554235192,0.0,80
user_07737f16,3,"[47.5468808, -122.31405]","[40.679817, -73.849707]",3878.336554235192,0.0,100
user_07948d5d,0,"[41.765471999999995, -87.82236999999999]","[29.694716500000002, -95.5632315]",1511.5810468456734,0.0,0
user_07948d5d,1,"[41.765471999999995, -87.82236999999999]","[29.694716500000002, -95.5632315]",1511.5810468456734,0.0,5
user_07948d5d,1,"[41.765471999999995, -87.82236999999999]","[29.694716500000002, -95.5632315]",1511.5810468456734,0.0,10
user_07948d5d,2,"[41.765471999999995, -87.82236999999999]","[29.694716500000002, -95.5632315]",1511.5810468456734,0.0,20
user_07948d5d,4,"[41.765471999999995, -87.82236999999999]","[29.694716500000002, -95.5632315]",1511.5810468456734,0.0,40
user_07948d5d,6,"[41.765471999999995, -87.82236999999999]","[42.392489999999995, -83.472249]",365.6847346667864,0.0,60
user_07948d5d,8,"[41.765471999999995, -87.82236999999999]","[42.392489999999995, -83.472249]",365.6847346667864,0.0,80
user_07948d5d,9,"[41.765471999999995, -87.82236999999999]","[42.392489999999995, -83.472249]",365.6847346667864,0.0,100
user_07b8a39e,0,"[37.776149, -122.40968799999999]","[38.485291, -122.137948]",82.35724330310329,1.0,0
user_07b8a39e,2,"[37.776149, -122.40968799999999]","[38.485291, -122.137948]",82.35724330310329,1.0,5
user_07b8a39e,3,"[37.776149, -122.40968799999999]","[38.485291, -122.137948]",82.35724330310329,1.0,10
user_07b8a39e,6,"[37.776149, -122.40968799999999]","[38.485291, -122.137948]",82.35724330310329,1.0,20
user_07b8a39e,11,"[37.776149, -122.40968799999999]","[33.935105, -118.29469]",565.5093239885127,0.0,40
user_07b8a39e,17,"[37.776149, -122.40968799999999]","[33.935105, -118.29469]",565.5093239885127,0.0,60
user_07b8a39e,22,"[37.776149, -122.40968799999999]","[33.935105, -118.29469]",565.5093239885127,0.0,80
user_07b8a39e,27,"[37.776149, -122.40968799999999]","[33.935105, -118.29469]",565.5093239885127,0.0,100
user_08119108,0,"[38.540496000000005, -90.482425]","[33.187655500000005, -90.102037]",596.1939064473272,0.0,0
user_08119108,2,"[38.540496000000005, -90.482425]","[33.187655500000005, -90.102037]",596.1939064473272,0.0,5
user_08119108,4,"[38.540496000000005, -90.482425]","[33.187655500000005, -90.102037]",596.1939064473272,0.0,10
user_08119108,8,"[38.540496000000005, -90.482425]","[33.187655500000005, -90.102037]",596.1939064473272,0.0,20
user_08119108,15,"[38.540496000000005, -90.482425]","[33.187655500000005, -90.102037]",596.1939064473272,0.0,40
user_08119108,23,"[38.540496000000005, -90.482425]","[33.187655500000005, -90.102037]",596.1939064473272,0.0,60
user_08119108,30,"[38.540496000000005, -90.482425]","[33.187655500000005, -90.102037]",596.1939064473272,0.0,80
user_08119108,37,"[38.540496000000005, -90.482425]","[33.187655500000005, -90.102037]",596.1939064473272,0.0,100
user_08181e6f,0,"[41.887355, -71.396811]","[41.916661, -71.40430400000001]",3.3171637921497825,1.0,0
user_08181e6f,1,"[41.887355, -71.396811]","[41.916661, -71.40430400000001]",3.3171637921497825,1.0,5
user_08181e6f,1,"[41.887355, -71.396811]","[41.916661, -71.40430400000001]",3.3171637921497825,1.0,10
user_08181e6f,2,"[41.887355, -71.396811]","[41.916661, -71.40430400000001]",3.3171637921497825,1.0,20
user_08181e6f,3,"[41.887355, -71.396811]","[41.916661, -71.40430400000001]",3.3171637921497825,1.0,40
user_08181e6f,4,"[41.887355, -71.396811]","[41.916661, -71.40430400000001]",3.3171637921497825,1.0,60
user_08181e6f,5,"[41.887355, -71.396811]","[41.916661, -71.40430400000001]",3.3171637921497825,1.0,80
user_08181e6f,6,"[41.887355, -71.396811]","[41.916661, -71.40430400000001]",3.3171637921497825,1.0,100
user_0826d980,0,"[35.930532, -84.10106]","[33.187655500000005, -90.102037]",628.3139397678764,0.0,0
user_0826d980,1,"[35.930532, -84.10106]","[33.187655500000005, -90.102037]",628.3139397678764,0.0,5
user_0826d980,2,"[35.930532, -84.10106]","[33.187655500000005, -90.102037]",628.3139397678764,0.0,10
user_0826d980,3,"[35.930532, -84.10106]","[33.187655500000005, -90.102037]",628.3139397678764,0.0,20
user_0826d980,5,"[35.930532, -84.10106]","[33.187655500000005, -90.102037]",628.3139397678764,0.0,40
user_0826d980,7,"[35.930532, -84.10106]","[33.187655500000005, -90.102037]",628.3139397678764,0.0,60
user_0826d980,9,"[35.930532, -84.10106]","[38.485291, -122.137948]",3356.637069356595,0.0,80
user_0826d980,11,"[35.930532, -84.10106]","[33.187655500000005, -90.102037]",628.3139397678764,0.0,100
user_087cd93c,0,"[40.76573, -73.951513]","[40.812029499999994, -73.93619749999999]",5.307284138901772,1.0,0
user_087cd93c,2,"[40.76573, -73.951513]","[40.812029499999994, -73.93619749999999]",5.307284138901772,1.0,5
user_087cd93c,4,"[40.76573, -73.951513]","[40.812029499999994, -73.93619749999999]",5.307284138901772,1.0,10
user_087cd93c,8,"[40.76573, -73.951513]","[40.812029499999994, -73.93619749999999]",5.307284138901772,1.0,20
user_087cd93c,16,"[40.76573, -73.951513]","[40.812029499999994, -73.93619749999999]",5.307284138901772,1.0,40
user_087cd93c,23,"[40.76573, -73.951513]","[40.812029499999994, -73.93619749999999]",5.307284138901772,1.0,60
user_087cd93c,31,"[40.76573, -73.951513]","[40.812029499999994, -73.93619749999999]",5.307284138901772,1.0,80
user_087cd93c,38,"[40.76573, -73.951513]","[40.812029499999994, -73.93619749999999]",5.307284138901772,1.0,100
user_0885343d,0,"[29.956898, -95.417868]","[29.694716500000002, -95.5632315]",32.3504173964869,1.0,0
user_0885343d,4,"[29.956898, -95.417868]","[29.694716500000002, -95.5632315]",32.3504173964869,1.0,5
user_0885343d,7,"[29.956898, -95.417868]","[29.694716500000002, -95.5632315]",32.3504173964869,1.0,10
user_0885343d,13,"[29.956898, -95.417868]","[29.694716500000002, -95.5632315]",32.3504173964869,1.0,20
user_0885343d,25,"[29.956898, -95.417868]","[29.694716500000002, -95.5632315]",32.3504173964869,1.0,40
user_0885343d,37,"[29.956898, -95.417868]","[29.694716500000002, -95.5632315]",32.3504173964869,1.0,60
user_0885343d,49,"[29.956898, -95.417868]","[29.694716500000002, -95.5632315]",32.3504173964869,1.0,80
user_0885343d,61,"[29.956898, -95.417868]","[29.694716500000002, -95.5632315]",32.3504173964869,1.0,100
user_088778f7,0,"[38.981730999999996, -76.952895]","[38.935939499999996, -77.024115]",7.990481188181028,1.0,0
user_088778f7,1,"[38.981730999999996, -76.952895]","[38.935939499999996, -77.024115]",7.990481188181028,1.0,5
user_088778f7,2,"[38.981730999999996, -76.952895]","[38.935939499999996, -77.024115]",7.990481188181028,1.0,10
user_088778f7,4,"[38.981730999999996, -76.952895]","[38.935939499999996, -77.024115]",7.990481188181028,1.0,20
user_088778f7,7,"[38.981730999999996, -76.952895]","[38.935939499999996, -77.024115]",7.990481188181028,1.0,40
user_088778f7,11,"[38.981730999999996, -76.952895]","[38.935939499999996, -77.024115]",7.990481188181028,1.0,60
user_088778f7,14,"[38.981730999999996, -76.952895]","[38.935939499999996, -77.024115]",7.990481188181028,1.0,80
user_088778f7,17,"[38.981730999999996, -76.952895]","[38.935939499999996, -77.024115]",7.990481188181028,1.0,100
user_08cdff74,0,"[40.704145000000004, -73.728311]","[40.689132, -73.721469]",1.766215676343969,1.0,0
user_08cdff74,4,"[40.704145000000004, -73.728311]","[40.68682149999999, -73.942293]",18.142625353897703,1.0,5
user_08cdff74,7,"[40.704145000000004, -73.728311]","[40.689132, -73.721469]",1.766215676343969,1.0,10
user_08cdff74,13,"[40.704145000000004, -73.728311]","[37.500671000000004, -77.394889]",476.33566349854107,0.0,20
user_08cdff74,26,"[40.704145000000004, -73.728311]","[37.500671000000004, -77.394889]",476.33566349854107,0.0,40
user_08cdff74,38,"[40.704145000000004, -73.728311]","[40.68682149999999, -73.942293]",18.142625353897703,1.0,60
user_08cdff74,51,"[40.704145000000004, -73.728311]","[35.952729999999995, -78.541696]",674.6070230296111,0.0,80
user_08cdff74,63,"[40.704145000000004, -73.728311]","[40.6952045, -74.005395]",23.37965522581162,1.0,100
user_08d07a9d,0,"[41.202847, -73.17182199999999]","[41.916661, -71.40430400000001]",167.11056775247334,0.0,0
user_08d07a9d,2,"[41.202847, -73.17182199999999]","[41.916661, -71.40430400000001]",167.11056775247334,0.0,5
user_08d07a9d,4,"[41.202847, -73.17182199999999]","[41.916661, -71.40430400000001]",167.11056775247334,0.0,10
user_08d07a9d,8,"[41.202847, -73.17182199999999]","[41.916661, -71.40430400000001]",167.11056775247334,0.0,20
user_08d07a9d,15,"[41.202847, -73.17182199999999]","[41.916661, -71.40430400000001]",167.11056775247334,0.0,40
user_08d07a9d,22,"[41.202847, -73.17182199999999]","[40.9112535, -73.7748885]",60.06781553704231,1.0,60
user_08d07a9d,29,"[41.202847, -73.17182199999999]","[40.9112535, -73.7748885]",60.06781553704231,1.0,80
user_08d07a9d,36,"[41.202847, -73.17182199999999]","[40.9112535, -73.7748885]",60.06781553704231,1.0,100
user_08f3eb55,0,"[25.914637, -80.165309]","[25.973882, -80.242374]",10.137818897925627,1.0,0
user_08f3eb55,1,"[25.914637, -80.165309]","[25.973882, -80.242374]",10.137818897925627,1.0,5
user_08f3eb55,2,"[25.914637, -80.165309]","[25.973882, -80.242374]",10.137818897925627,1.0,10
user_08f3eb55,3,"[25.914637, -80.165309]","[25.973882, -80.242374]",10.137818897925627,1.0,20
user_08f3eb55,6,"[25.914637, -80.165309]","[25.973882, -80.242374]",10.137818897925627,1.0,40
user_08f3eb55,9,"[25.914637, -80.165309]","[25.973882, -80.242374]",10.137818897925627,1.0,60
user_08f3eb55,12,"[25.914637, -80.165309]","[40.679817, -73.849707]",1742.2980079390722,0.0,80
user_08f3eb55,15,"[25.914637, -80.165309]","[25.973882, -80.242374]",10.137818897925627,1.0,100
user_0920b2b5,0,"[41.851024, -71.420591]","[41.916661, -71.40430400000001]",7.422009282487254,1.0,0
user_0920b2b5,1,"[41.851024, -71.420591]","[41.916661, -71.40430400000001]",7.422009282487254,1.0,5
user_0920b2b5,2,"[41.851024, -71.420591]","[41.916661, -71.40430400000001]",7.422009282487254,1.0,10
user_0920b2b5,4,"[41.851024, -71.420591]","[41.916661, -71.40430400000001]",7.422009282487254,1.0,20
user_0920b2b5,8,"[41.851024, -71.420591]","[41.916661, -71.40430400000001]",7.422009282487254,1.0,40
user_0920b2b5,12,"[41.851024, -71.420591]","[41.916661, -71.40430400000001]",7.422009282487254,1.0,60
user_0920b2b5,16,"[41.851024, -71.420591]","[41.916661, -71.40430400000001]",7.422009282487254,1.0,80
user_0920b2b5,20,"[41.851024, -71.420591]","[40.679817, -73.849707]",241.19194132247483,0.0,100
user_09480f33,0,"[40.071114, -75.101493]","[43.027428, -77.610271]",389.37416371996966,0.0,0
user_09480f33,1,"[40.071114, -75.101493]","[43.027428, -77.610271]",389.37416371996966,0.0,5
user_09480f33,2,"[40.071114, -75.101493]","[43.027428, -77.610271]",389.37416371996966,0.0,10
user_09480f33,3,"[40.071114, -75.101493]","[43.027428, -77.610271]",389.37416371996966,0.0,20
user_09480f33,6,"[40.071114, -75.101493]","[43.027428, -77.610271]",389.37416371996966,0.0,40
user_09480f33,8,"[40.071114, -75.101493]","[43.027428, -77.610271]",389.37416371996966,0.0,60
user_09480f33,11,"[40.071114, -75.101493]","[43.027428, -77.610271]",389.37416371996966,0.0,80
user_09480f33,13,"[40.071114, -75.101493]","[43.027428, -77.610271]",389.37416371996966,0.0,100
user_09816b3d,0,"[47.598228000000006, -122.131676]","[38.935939499999996, -77.024115]",3720.6330379380956,0.0,0
user_09816b3d,2,"[47.598228000000006, -122.131676]","[38.935939499999996, -77.024115]",3720.6330379380956,0.0,5
user_09816b3d,3,"[47.598228000000006, -122.131676]","[38.935939499999996, -77.024115]",3720.6330379380956,0.0,10
user_09816b3d,6,"[47.598228000000006, -122.131676]","[38.935939499999996, -77.024115]",3720.6330379380956,0.0,20
user_09816b3d,12,"[47.598228000000006, -122.131676]","[38.935939499999996, -77.024115]",3720.6330379380956,0.0,40
user_09816b3d,18,"[47.598228000000006, -122.131676]","[38.935939499999996, -77.024115]",3720.6330379380956,0.0,60
user_09816b3d,24,"[47.598228000000006, -122.131676]","[33.935105, -118.29469]",1552.7345345228853,0.0,80
user_09816b3d,30,"[47.598228000000006, -122.131676]","[30.248988500000003, -82.335955]",3887.3487537212295,0.0,100
user_098e1532,0,"[40.676619, -73.868907]","[40.679817, -73.849707]",1.6576949685788243,1.0,0
user_098e1532,2,"[40.676619, -73.868907]","[40.679817, -73.849707]",1.6576949685788243,1.0,5
user_098e1532,3,"[40.676619, -73.868907]","[40.679817, -73.849707]",1.6576949685788243,1.0,10
user_098e1532,6,"[40.676619, -73.868907]","[40.679817, -73.849707]",1.6576949685788243,1.0,20
user_098e1532,12,"[40.676619, -73.868907]","[40.679817, -73.849707]",1.6576949685788243,1.0,40
user_098e1532,17,"[40.676619, -73.868907]","[40.679817, -73.849707]",1.6576949685788243,1.0,60
user_098e1532,23,"[40.676619, -73.868907]","[40.68682149999999, -73.942293]",6.291326615484263,1.0,80
user_098e1532,28,"[40.676619, -73.868907]","[33.187655500000005, -90.102037]",1661.9984166921035,0.0,100
user_0995db73,0,"[30.832397999999998, -83.309267]","[30.248988500000003, -82.335955]",113.56432300282198,1.0,0
user_0995db73,2,"[30.832397999999998, -83.309267]","[30.248988500000003, -82.335955]",113.56432300282198,1.0,5
user_0995db73,4,"[30.832397999999998, -83.309267]","[30.248988500000003, -82.335955]",113.56432300282198,1.0,10
user_0995db73,7,"[30.832397999999998, -83.309267]","[30.248988500000003, -82.335955]",113.56432300282198,1.0,20
user_0995db73,13,"[30.832397999999998, -83.309267]","[30.248988500000003, -82.335955]",113.56432300282198,1.0,40
user_0995db73,20,"[30.832397999999998, -83.309267]","[30.248988500000003, -82.335955]",113.56432300282198,1.0,60
user_0995db73,26,"[30.832397999999998, -83.309267]","[30.248988500000003, -82.335955]",113.56432300282198,1.0,80
user_0995db73,32,"[30.832397999999998, -83.309267]","[30.248988500000003, -82.335955]",113.56432300282198,1.0,100
user_09b3e663,0,"[42.241158, -87.94050899999999]","[32.966581500000004, -96.941848]",1299.246690404747,0.0,0
user_09b3e663,1,"[42.241158, -87.94050899999999]","[41.888062, -87.853226]",39.91818528813675,1.0,5
user_09b3e663,1,"[42.241158, -87.94050899999999]","[41.888062, -87.853226]",39.91818528813675,1.0,10
user_09b3e663,2,"[42.241158, -87.94050899999999]","[32.966581500000004, -96.941848]",1299.246690404747,0.0,20
user_09b3e663,4,"[42.241158, -87.94050899999999]","[42.392489999999995, -83.472249]",367.72905225068064,0.0,40
user_09b3e663,6,"[42.241158, -87.94050899999999]","[32.966581500000004, -96.941848]",1299.246690404747,0.0,60
user_09b3e663,8,"[42.241158, -87.94050899999999]","[40.9112535, -73.7748885]",1186.1657233660312,0.0,80
user_09b3e663,10,"[42.241158, -87.94050899999999]","[40.9112535, -73.7748885]",1186.1657233660312,0.0,100
user_09c8194a,0,"[40.196397, -85.42336800000001]","[34.393699999999995, -118.24542149999999]",2956.3732543970355,0.0,0
user_09c8194a,1,"[40.196397, -85.42336800000001]","[34.393699999999995, -118.24542149999999]",2956.3732543970355,0.0,5
user_09c8194a,1,"[40.196397, -85.42336800000001]","[34.393699999999995, -118.24542149999999]",2956.3732543970355,0.0,10
user_09c8194a,1,"[40.196397, -85.42336800000001]","[34.393699999999995, -118.24542149999999]",2956.3732543970355,0.0,20
user_09c8194a,2,"[40.196397, -85.42336800000001]","[40.767058, -73.997]",967.7947689751586,0.0,40
user_09c8194a,2,"[40.196397, -85.42336800000001]","[40.767058, -73.997]",967.7947689751586,0.0,60
user_09c8194a,3,"[40.196397, -85.42336800000001]","[40.767058, -73.997]",967.7947689751586,0.0,80
user_09c8194a,3,"[40.196397, -85.42336800000001]","[40.767058, -73.997]",967.7947689751586,0.0,100
user_09dbf5de,0,"[33.77755, -84.015592]","[40.862080999999996, -73.893029]",1190.9091815352338,0.0,0
user_09dbf5de,2,"[33.77755, -84.015592]","[40.862080999999996, -73.893029]",1190.9091815352338,0.0,5
user_09dbf5de,4,"[33.77755, -84.015592]","[40.862080999999996, -73.893029]",1190.9091815352338,0.0,10
user_09dbf5de,7,"[33.77755, -84.015592]","[40.862080999999996, -73.893029]",1190.9091815352338,0.0,20
user_09dbf5de,13,"[33.77755, -84.015592]","[40.862080999999996, -73.893029]",1190.9091815352338,0.0,40
user_09dbf5de,20,"[33.77755, -84.015592]","[40.862080999999996, -73.893029]",1190.9091815352338,0.0,60
user_09dbf5de,26,"[33.77755, -84.015592]","[38.485291, -122.137948]",3438.7006855558025,0.0,80
user_09dbf5de,32,"[33.77755, -84.015592]","[40.862080999999996, -73.893029]",1190.9091815352338,0.0,100
user_0a032084,0,"[39.021001, -95.705984]","[40.767058, -73.997]",1857.4062033512348,0.0,0
user_0a032084,1,"[39.021001, -95.705984]","[40.767058, -73.997]",1857.4062033512348,0.0,5
user_0a032084,1,"[39.021001, -95.705984]","[40.767058, -73.997]",1857.4062033512348,0.0,10
user_0a032084,1,"[39.021001, -95.705984]","[40.767058, -73.997]",1857.4062033512348,0.0,20
user_0a032084,2,"[39.021001, -95.705984]","[40.767058, -73.997]",1857.4062033512348,0.0,40
user_0a032084,2,"[39.021001, -95.705984]","[40.767058, -73.997]",1857.4062033512348,0.0,60
user_0a032084,3,"[39.021001, -95.705984]","[40.767058, -73.997]",1857.4062033512348,0.0,80
user_0a032084,3,"[39.021001, -95.705984]","[40.767058, -73.997]",1857.4062033512348,0.0,100
user_0a676d41,0,"[42.323972999999995, -71.065039]","[40.689132, -73.721469]",286.29216591901803,0.0,0
user_0a676d41,1,"[42.323972999999995, -71.065039]","[40.689132, -73.721469]",286.29216591901803,0.0,5
user_0a676d41,2,"[42.323972999999995, -71.065039]","[40.689132, -73.721469]",286.29216591901803,0.0,10
user_0a676d41,4,"[42.323972999999995, -71.065039]","[40.689132, -73.721469]",286.29216591901803,0.0,20
user_0a676d41,8,"[42.323972999999995, -71.065039]","[40.679817, -73.849707]",295.2709351142325,0.0,40
user_0a676d41,11,"[42.323972999999995, -71.065039]","[41.916661, -71.40430400000001]",53.23767432242692,1.0,60
user_0a676d41,15,"[42.323972999999995, -71.065039]","[41.916661, -71.40430400000001]",53.23767432242692,1.0,80
user_0a676d41,18,"[42.323972999999995, -71.065039]","[41.916661, -71.40430400000001]",53.23767432242692,1.0,100
user_0a851218,0,"[41.585599, -81.537931]","[41.446424, -81.536098]",15.476327789723484,1.0,0
user_0a851218,1,"[41.585599, -81.537931]","[41.446424, -81.536098]",15.476327789723484,1.0,5
user_0a851218,2,"[41.585599, -81.537931]","[41.446424, -81.536098]",15.476327789723484,1.0,10
user_0a851218,4,"[41.585599, -81.537931]","[41.446424, -81.536098]",15.476327789723484,1.0,20
user_0a851218,8,"[41.585599, -81.537931]","[41.446424, -81.536098]",15.476327789723484,1.0,40
user_0a851218,11,"[41.585599, -81.537931]","[41.446424, -81.536098]",15.476327789723484,1.0,60
user_0a851218,15,"[41.585599, -81.537931]","[41.446424, -81.536098]",15.476327789723484,1.0,80
user_0a851218,18,"[41.585599, -81.537931]","[41.446424, -81.536098]",15.476327789723484,1.0,100
user_0ab38b21,0,"[47.647811, -122.349993]","[34.393699999999995, -118.24542149999999]",1512.9047125623883,0.0,0
user_0ab38b21,2,"[47.647811, -122.349993]","[34.393699999999995, -118.24542149999999]",1512.9047125623883,0.0,5
user_0ab38b21,4,"[47.647811, -122.349993]","[34.393699999999995, -118.24542149999999]",1512.9047125623883,0.0,10
user_0ab38b21,7,"[47.647811, -122.349993]","[34.393699999999995, -118.24542149999999]",1512.9047125623883,0.0,20
user_0ab38b21,14,"[47.647811, -122.349993]","[34.393699999999995, -118.24542149999999]",1512.9047125623883,0.0,40
user_0ab38b21,20,"[47.647811, -122.349993]","[34.393699999999995, -118.24542149999999]",1512.9047125623883,0.0,60
user_0ab38b21,27,"[47.647811, -122.349993]","[34.393699999999995, -118.24542149999999]",1512.9047125623883,0.0,80
user_0ab38b21,33,"[47.647811, -122.349993]","[34.393699999999995, -118.24542149999999]",1512.9047125623883,0.0,100
user_0abe7ff7,0,"[34.751752, -77.475484]","[40.9112535, -73.7748885]",757.9064560261576,0.0,0
user_0abe7ff7,3,"[34.751752, -77.475484]","[40.9112535, -73.7748885]",757.9064560261576,0.0,5
user_0abe7ff7,5,"[34.751752, -77.475484]","[40.679817, -73.849707]",732.0903500393594,0.0,10
user_0abe7ff7,9,"[34.751752, -77.475484]","[40.679817, -73.849707]",732.0903500393594,0.0,20
user_0abe7ff7,17,"[34.751752, -77.475484]","[40.679817, -73.849707]",732.0903500393594,0.0,40
user_0abe7ff7,26,"[34.751752, -77.475484]","[40.679817, -73.849707]",732.0903500393594,0.0,60
user_0abe7ff7,34,"[34.751752, -77.475484]","[40.679817, -73.849707]",732.0903500393594,0.0,80
user_0abe7ff7,42,"[34.751752, -77.475484]","[40.9112535, -73.7748885]",757.9064560261576,0.0,100
user_0b3db3a9,0,"[39.917114, -75.23670600000001]","[40.6952045, -74.005395]",135.59791418172304,1.0,0
user_0b3db3a9,3,"[39.917114, -75.23670600000001]","[40.6952045, -74.005395]",135.59791418172304,1.0,5
user_0b3db3a9,5,"[39.917114, -75.23670600000001]","[40.6952045, -74.005395]",135.59791418172304,1.0,10
user_0b3db3a9,9,"[39.917114, -75.23670600000001]","[40.6952045, -74.005395]",135.59791418172304,1.0,20
user_0b3db3a9,18,"[39.917114, -75.23670600000001]","[40.767058, -73.997]",141.3168943683855,1.0,40
user_0b3db3a9,27,"[39.917114, -75.23670600000001]","[40.6952045, -74.005395]",135.59791418172304,1.0,60
user_0b3db3a9,36,"[39.917114, -75.23670600000001]","[40.6952045, -74.005395]",135.59791418172304,1.0,80
user_0b3db3a9,45,"[39.917114, -75.23670600000001]","[40.0097845, -75.15243749999999]",12.560331025031717,1.0,100
user_0b5fa2eb,0,"[40.743621999999995, -73.76599499999999]","[40.6472835, -73.936812]",17.948348710260476,1.0,0
user_0b5fa2eb,2,"[40.743621999999995, -73.76599499999999]","[40.6472835, -73.936812]",17.948348710260476,1.0,5
user_0b5fa2eb,3,"[40.743621999999995, -73.76599499999999]","[40.6472835, -73.936812]",17.948348710260476,1.0,10
user_0b5fa2eb,5,"[40.743621999999995, -73.76599499999999]","[40.6472835, -73.936812]",17.948348710260476,1.0,20
user_0b5fa2eb,9,"[40.743621999999995, -73.76599499999999]","[40.689132, -73.721469]",7.127000545043178,1.0,40
user_0b5fa2eb,13,"[40.743621999999995, -73.76599499999999]","[40.689132, -73.721469]",7.127000545043178,1.0,60
user_0b5fa2eb,17,"[40.743621999999995, -73.76599499999999]","[41.916661, -71.40430400000001]",236.41778795790765,0.0,80
user_0b5fa2eb,21,"[40.743621999999995, -73.76599499999999]","[41.916661, -71.40430400000001]",236.41778795790765,0.0,100
user_0b6126d6,0,"[33.492833000000005, -86.889547]","[25.973882, -80.242374]",1053.405372308897,0.0,0
user_0b6126d6,1,"[33.492833000000005, -86.889547]","[25.973882, -80.242374]",1053.405372308897,0.0,5
user_0b6126d6,1,"[33.492833000000005, -86.889547]","[25.973882, -80.242374]",1053.405372308897,0.0,10
user_0b6126d6,2,"[33.492833000000005, -86.889547]","[25.973882, -80.242374]",1053.405372308897,0.0,20
user_0b6126d6,4,"[33.492833000000005, -86.889547]","[39.307559999999995, -76.65441700000001]",1120.0468749495155,0.0,40
user_0b6126d6,6,"[33.492833000000005, -86.889547]","[39.307559999999995, -76.65441700000001]",1120.0468749495155,0.0,60
user_0b6126d6,8,"[33.492833000000005, -86.889547]","[39.307559999999995, -76.65441700000001]",1120.0468749495155,0.0,80
user_0b6126d6,10,"[33.492833000000005, -86.889547]","[39.307559999999995, -76.65441700000001]",1120.0468749495155,0.0,100
user_0b93ca7a,0,"[40.555582, -75.483358]","[40.812029499999994, -73.93619749999999]",133.53672292974935,1.0,0
user_0b93ca7a,4,"[40.555582, -75.483358]","[40.812029499999994, -73.93619749999999]",133.53672292974935,1.0,5
user_0b93ca7a,7,"[40.555582, -75.483358]","[40.812029499999994, -73.93619749999999]",133.53672292974935,1.0,10
user_0b93ca7a,14,"[40.555582, -75.483358]","[40.812029499999994, -73.93619749999999]",133.53672292974935,1.0,20
user_0b93ca7a,28,"[40.555582, -75.483358]","[40.862080999999996, -73.893029]",138.3106281998929,1.0,40
user_0b93ca7a,41,"[40.555582, -75.483358]","[40.812029499999994, -73.93619749999999]",133.53672292974935,1.0,60
user_0b93ca7a,55,"[40.555582, -75.483358]","[40.812029499999994, -73.93619749999999]",133.53672292974935,1.0,80
user_0b93ca7a,68,"[40.555582, -75.483358]","[40.862080999999996, -73.893029]",138.3106281998929,1.0,100
user_0b989022,0,"[32.735926, -97.321042]","[33.746497, -84.074836]",1236.154683059635,0.0,0
user_0b989022,6,"[32.735926, -97.321042]","[33.746497, -84.074836]",1236.154683059635,0.0,5
user_0b989022,11,"[32.735926, -97.321042]","[33.746497, -84.074836]",1236.154683059635,0.0,10
user_0b989022,21,"[32.735926, -97.321042]","[33.746497, -84.074836]",1236.154683059635,0.0,20
user_0b989022,42,"[32.735926, -97.321042]","[33.746497, -84.074836]",1236.154683059635,0.0,40
user_0b989022,63,"[32.735926, -97.321042]","[33.748637, -84.44241149999999]",1202.190947680113,0.0,60
user_0b989022,84,"[32.735926, -97.321042]","[33.748637, -84.44241149999999]",1202.190947680113,0.0,80
user_0b989022,105,"[32.735926, -97.321042]","[33.748637, -84.44241149999999]",1202.190947680113,0.0,100
user_0bcff647,0,"[39.993168, -75.174582]","[40.0097845, -75.15243749999999]",2.6404131943188256,1.0,0
user_0bcff647,1,"[39.993168, -75.174582]","[40.0097845, -75.15243749999999]",2.6404131943188256,1.0,5
user_0bcff647,2,"[39.993168, -75.174582]","[40.0097845, -75.15243749999999]",2.6404131943188256,1.0,10
user_0bcff647,3,"[39.993168, -75.174582]","[40.0097845, -75.15243749999999]",2.6404131943188256,1.0,20
user_0bcff647,6,"[39.993168, -75.174582]","[40.0097845, -75.15243749999999]",2.6404131943188256,1.0,40
user_0bcff647,9,"[39.993168, -75.174582]","[40.0097845, -75.15243749999999]",2.6404131943188256,1.0,60
user_0bcff647,12,"[39.993168, -75.174582]","[40.0097845, -75.15243749999999]",2.6404131943188256,1.0,80
user_0bcff647,15,"[39.993168, -75.174582]","[40.0097845, -75.15243749999999]",2.6404131943188256,1.0,100
user_0bd05d33,0,"[33.96781, -84.094033]","[33.746497, -84.074836]",24.67267806965836,1.0,0
user_0bd05d33,1,"[33.96781, -84.094033]","[33.746497, -84.074836]",24.67267806965836,1.0,5
user_0bd05d33,1,"[33.96781, -84.094033]","[33.746497, -84.074836]",24.67267806965836,1.0,10
user_0bd05d33,2,"[33.96781, -84.094033]","[33.746497, -84.074836]",24.67267806965836,1.0,20
user_0bd05d33,4,"[33.96781, -84.094033]","[33.746497, -84.074836]",24.67267806965836,1.0,40
user_0bd05d33,5,"[33.96781, -84.094033]","[33.746497, -84.074836]",24.67267806965836,1.0,60
user_0bd05d33,7,"[33.96781, -84.094033]","[33.746497, -84.074836]",24.67267806965836,1.0,80
user_0bd05d33,8,"[33.96781, -84.094033]","[33.746497, -84.074836]",24.67267806965836,1.0,100
user_0bddef2b,0,"[36.176382000000004, -86.77624399999999]","[32.966581500000004, -96.941848]",996.2061109641816,0.0,0
user_0bddef2b,1,"[36.176382000000004, -86.77624399999999]","[32.966581500000004, -96.941848]",996.2061109641816,0.0,5
user_0bddef2b,2,"[36.176382000000004, -86.77624399999999]","[32.966581500000004, -96.941848]",996.2061109641816,0.0,10
user_0bddef2b,3,"[36.176382000000004, -86.77624399999999]","[32.966581500000004, -96.941848]",996.2061109641816,0.0,20
user_0bddef2b,5,"[36.176382000000004, -86.77624399999999]","[32.966581500000004, -96.941848]",996.2061109641816,0.0,40
user_0bddef2b,8,"[36.176382000000004, -86.77624399999999]","[38.1297562, -85.9286095]",229.82609595686793,0.0,60
user_0bddef2b,10,"[36.176382000000004, -86.77624399999999]","[38.1297562, -85.9286095]",229.82609595686793,0.0,80
user_0bddef2b,12,"[36.176382000000004, -86.77624399999999]","[38.1297562, -85.9286095]",229.82609595686793,0.0,100
user_0c09ba5c,0,"[33.73447, -84.25514]","[33.748637, -84.44241149999999]",17.38745922847332,1.0,0
user_0c09ba5c,2,"[33.73447, -84.25514]","[33.748637, -84.44241149999999]",17.38745922847332,1.0,5
user_0c09ba5c,3,"[33.73447, -84.25514]","[33.748637, -84.44241149999999]",17.38745922847332,1.0,10
user_0c09ba5c,6,"[33.73447, -84.25514]","[33.748637, -84.44241149999999]",17.38745922847332,1.0,20
user_0c09ba5c,11,"[33.73447, -84.25514]","[33.748637, -84.44241149999999]",17.38745922847332,1.0,40
user_0c09ba5c,17,"[33.73447, -84.25514]","[33.748637, -84.44241149999999]",17.38745922847332,1.0,60
user_0c09ba5c,22,"[33.73447, -84.25514]","[33.748637, -84.44241149999999]",17.38745922847332,1.0,80
user_0c09ba5c,27,"[33.73447, -84.25514]","[33.746497, -84.074836]",16.72546521165502,1.0,100
user_0c3256e0,0,"[42.445714, -83.13841500000001]","[42.392489999999995, -83.472249]",28.03539741063932,1.0,0
user_0c3256e0,2,"[42.445714, -83.13841500000001]","[42.392489999999995, -83.472249]",28.03539741063932,1.0,5
user_0c3256e0,3,"[42.445714, -83.13841500000001]","[42.392489999999995, -83.472249]",28.03539741063932,1.0,10
user_0c3256e0,6,"[42.445714, -83.13841500000001]","[42.392489999999995, -83.472249]",28.03539741063932,1.0,20
user_0c3256e0,11,"[42.445714, -83.13841500000001]","[42.392489999999995, -83.472249]",28.03539741063932,1.0,40
user_0c3256e0,17,"[42.445714, -83.13841500000001]","[42.392489999999995, -83.472249]",28.03539741063932,1.0,60
user_0c3256e0,22,"[42.445714, -83.13841500000001]","[41.916661, -71.40430400000001]",967.8854429272935,0.0,80
user_0c3256e0,27,"[42.445714, -83.13841500000001]","[42.392489999999995, -83.472249]",28.03539741063932,1.0,100
