user,num_features,num_edges,latlon_tru,latlon_pred,haversine_distance,acc_at_161,percent
user_001ac628,0,0,"[33.958969, -118.30278]","[32.966581500000004, -96.941848]",1981.0195116500304,0.0,0
user_001ac628,9,1,"[33.958969, -118.30278]","[32.966581500000004, -96.941848]",1981.0195116500304,0.0,5
user_001ac628,18,2,"[33.958969, -118.30278]","[32.966581500000004, -96.941848]",1981.0195116500304,0.0,10
user_001ac628,36,3,"[33.958969, -118.30278]","[32.966581500000004, -96.941848]",1981.0195116500304,0.0,20
user_001ac628,71,6,"[33.958969, -118.30278]","[32.966581500000004, -96.941848]",1981.0195116500304,0.0,40
user_001ac628,106,8,"[33.958969, -118.30278]","[32.966581500000004, -96.941848]",1981.0195116500304,0.0,60
user_001ac628,141,11,"[33.958969, -118.30278]","[32.966581500000004, -96.941848]",1981.0195116500304,0.0,80
user_001ac628,176,13,"[33.958969, -118.30278]","[42.392489999999995, -83.472249]",3160.7247501660745,0.0,100
user_002ac912,0,0,"[40.702701, -73.74470500000001]","[41.916661, -71.40430400000001]",237.54366764196948,0.0,0
user_002ac912,7,2,"[40.702701, -73.74470500000001]","[41.916661, -71.40430400000001]",237.54366764196948,0.0,5
user_002ac912,13,4,"[40.702701, -73.74470500000001]","[41.916661, -71.40430400000001]",237.54366764196948,0.0,10
user_002ac912,26,7,"[40.702701, -73.74470500000001]","[41.916661, -71.40430400000001]",237.54366764196948,0.0,20
user_002ac912,52,14,"[40.702701, -73.74470500000001]","[41.916661, -71.40430400000001]",237.54366764196948,0.0,40
user_002ac912,77,21,"[40.702701, -73.74470500000001]","[41.916661, -71.40430400000001]",237.54366764196948,0.0,60
user_002ac912,103,28,"[40.702701, -73.74470500000001]","[41.916661, -71.40430400000001]",237.54366764196948,0.0,80
user_002ac912,128,34,"[40.702701, -73.74470500000001]","[41.916661, -71.40430400000001]",237.54366764196948,0.0,100
user_003607fa,0,0,"[25.958833, -80.212882]","[25.973882, -80.242374]",3.390097301206325,1.0,0
user_003607fa,3,1,"[25.958833, -80.212882]","[25.973882, -80.242374]",3.390097301206325,1.0,5
user_003607fa,6,1,"[25.958833, -80.212882]","[25.973882, -80.242374]",3.390097301206325,1.0,10
user_003607fa,12,2,"[25.958833, -80.212882]","[25.973882, -80.242374]",3.390097301206325,1.0,20
user_003607fa,24,3,"[25.958833, -80.212882]","[25.973882, -80.242374]",3.390097301206325,1.0,40
user_003607fa,36,5,"[25.958833, -80.212882]","[25.973882, -80.242374]",3.390097301206325,1.0,60
user_003607fa,48,6,"[25.958833, -80.212882]","[25.973882, -80.242374]",3.390097301206325,1.0,80
user_003607fa,60,7,"[25.958833, -80.212882]","[25.973882, -80.242374]",3.390097301206325,1.0,100
user_00839c9b,0,0,"[40.70301, -74.094769]","[34.393699999999995, -118.24542149999999]",3913.15317991553,0.0,0
user_00839c9b,5,1,"[40.70301, -74.094769]","[38.485291, -122.137948]",4072.3280070144856,0.0,5
user_00839c9b,9,2,"[40.70301, -74.094769]","[34.393699999999995, -118.24542149999999]",3913.15317991553,0.0,10
user_00839c9b,18,3,"[40.70301, -74.094769]","[38.485291, -122.137948]",4072.3280070144856,0.0,20
user_00839c9b,35,6,"[40.70301, -74.094769]","[38.485291, -122.137948]",4072.3280070144856,0.0,40
user_00839c9b,52,8,"[40.70301, -74.094769]","[38.485291, -122.137948]",4072.3280070144856,0.0,60
user_00839c9b,69,11,"[40.70301, -74.094769]","[38.485291, -122.137948]",4072.3280070144856,0.0,80
user_00839c9b,86,13,"[40.70301, -74.094769]","[38.485291, -122.137948]",4072.3280070144856,0.0,100
user_0089c6ed,0,0,"[40.833397, -73.916811]","[40.767058, -73.997]",9.998689197234983,1.0,0
user_0089c6ed,5,4,"[40.833397, -73.916811]","[40.767058, -73.997]",9.998689197234983,1.0,5
user_0089c6ed,10,8,"[40.833397, -73.916811]","[40.767058, -73.997]",9.998689197234983,1.0,10
user_0089c6ed,20,15,"[40.833397, -73.916811]","[40.767058, -73.997]",9.998689197234983,1.0,20
user_0089c6ed,40,30,"[40.833397, -73.916811]","[40.767058, -73.997]",9.998689197234983,1.0,40
user_0089c6ed,60,45,"[40.833397, -73.916811]","[40.767058, -73.997]",9.998689197234983,1.0,60
user_0089c6ed,80,60,"[40.833397, -73.916811]","[40.767058, -73.997]",9.998689197234983,1.0,80
user_0089c6ed,99,75,"[40.833397, -73.916811]","[40.767058, -73.997]",9.998689197234983,1.0,100
user_00b5310f,0,0,"[30.172103999999997, -97.82860699999999]","[40.9112535, -73.7748885]",2470.526594889558,0.0,0
user_00b5310f,4,1,"[30.172103999999997, -97.82860699999999]","[40.9112535, -73.7748885]",2470.526594889558,0.0,5
user_00b5310f,7,1,"[30.172103999999997, -97.82860699999999]","[40.9112535, -73.7748885]",2470.526594889558,0.0,10
user_00b5310f,14,1,"[30.172103999999997, -97.82860699999999]","[40.9112535, -73.7748885]",2470.526594889558,0.0,20
user_00b5310f,27,1,"[30.172103999999997, -97.82860699999999]","[40.9112535, -73.7748885]",2470.526594889558,0.0,40
user_00b5310f,40,2,"[30.172103999999997, -97.82860699999999]","[40.9112535, -73.7748885]",2470.526594889558,0.0,60
user_00b5310f,53,2,"[30.172103999999997, -97.82860699999999]","[40.9112535, -73.7748885]",2470.526594889558,0.0,80
user_00b5310f,66,2,"[30.172103999999997, -97.82860699999999]","[40.9112535, -73.7748885]",2470.526594889558,0.0,100
user_00bc828f,0,0,"[40.825037, -73.86694]","[39.307559999999995, -76.65441700000001]",291.07459979968513,0.0,0
user_00bc828f,6,1,"[40.825037, -73.86694]","[39.307559999999995, -76.65441700000001]",291.07459979968513,0.0,5
user_00bc828f,12,2,"[40.825037, -73.86694]","[39.307559999999995, -76.65441700000001]",291.07459979968513,0.0,10
user_00bc828f,23,3,"[40.825037, -73.86694]","[39.307559999999995, -76.65441700000001]",291.07459979968513,0.0,20
user_00bc828f,45,6,"[40.825037, -73.86694]","[39.307559999999995, -76.65441700000001]",291.07459979968513,0.0,40
user_00bc828f,67,8,"[40.825037, -73.86694]","[39.307559999999995, -76.65441700000001]",291.07459979968513,0.0,60
user_00bc828f,89,11,"[40.825037, -73.86694]","[39.307559999999995, -76.65441700000001]",291.07459979968513,0.0,80
user_00bc828f,111,13,"[40.825037, -73.86694]","[39.307559999999995, -76.65441700000001]",291.07459979968513,0.0,100
user_00c14333,0,0,"[41.062402, -81.51817700000001]","[41.446424, -81.536098]",42.72762812271863,1.0,0
user_00c14333,4,1,"[41.062402, -81.51817700000001]","[41.446424, -81.536098]",42.72762812271863,1.0,5
user_00c14333,7,2,"[41.062402, -81.51817700000001]","[41.446424, -81.536098]",42.72762812271863,1.0,10
user_00c14333,14,3,"[41.062402, -81.51817700000001]","[41.446424, -81.536098]",42.72762812271863,1.0,20
user_00c14333,27,6,"[41.062402, -81.51817700000001]","[41.446424, -81.536098]",42.72762812271863,1.0,40
user_00c14333,40,9,"[41.062402, -81.51817700000001]","[41.446424, -81.536098]",42.72762812271863,1.0,60
user_00c14333,53,12,"[41.062402, -81.51817700000001]","[41.446424, -81.536098]",42.72762812271863,1.0,80
user_00c14333,66,15,"[41.062402, -81.51817700000001]","[41.446424, -81.536098]",42.72762812271863,1.0,100
user_00d789e9,0,0,"[36.774875, -79.68382]","[38.485291, -122.137948]",3710.2052103220503,0.0,0
user_00d789e9,3,1,"[36.774875, -79.68382]","[38.485291, -122.137948]",3710.2052103220503,0.0,5
user_00d789e9,6,1,"[36.774875, -79.68382]","[38.485291, -122.137948]",3710.2052103220503,0.0,10
user_00d789e9,11,1,"[36.774875, -79.68382]","[38.485291, -122.137948]",3710.2052103220503,0.0,20
user_00d789e9,22,1,"[36.774875, -79.68382]","[38.485291, -122.137948]",3710.2052103220503,0.0,40
user_00d789e9,33,2,"[36.774875, -79.68382]","[38.485291, -122.137948]",3710.2052103220503,0.0,60
user_00d789e9,44,2,"[36.774875, -79.68382]","[38.485291, -122.137948]",3710.2052103220503,0.0,80
user_00d789e9,54,2,"[36.774875, -79.68382]","[33.592547999999994, -117.1703525]",3403.4197091795304,0.0,100
user_00e121e4,0,0,"[29.920721, -90.116249]","[33.187655500000005, -90.102037]",363.26953844448343,0.0,0
user_00e121e4,8,5,"[29.920721, -90.116249]","[33.187655500000005, -90.102037]",363.26953844448343,0.0,5
user_00e121e4,15,9,"[29.920721, -90.116249]","[33.187655500000005, -90.102037]",363.26953844448343,0.0,10
user_00e121e4,29,17,"[29.920721, -90.116249]","[33.187655500000005, -90.102037]",363.26953844448343,0.0,20
user_00e121e4,58,34,"[29.920721, -90.116249]","[33.187655500000005, -90.102037]",363.26953844448343,0.0,40
user_00e121e4,86,50,"[29.920721, -90.116249]","[33.187655500000005, -90.102037]",363.26953844448343,0.0,60
user_00e121e4,115,67,"[29.920721, -90.116249]","[33.187655500000005, -90.102037]",363.26953844448343,0.0,80
user_00e121e4,143,83,"[29.920721, -90.116249]","[33.187655500000005, -90.102037]",363.26953844448343,0.0,100
user_00e7be97,0,0,"[34.233602000000005, -118.471792]","[33.935105, -118.29469]",36.982160966619915,1.0,0
user_00e7be97,3,1,"[34.233602000000005, -118.471792]","[33.935105, -118.29469]",36.982160966619915,1.0,5
user_00e7be97,5,1,"[34.233602000000005, -118.471792]","[33.935105, -118.29469]",36.982160966619915,1.0,10
user_00e7be97,10,1,"[34.233602000000005, -118.471792]","[33.935105, -118.29469]",36.982160966619915,1.0,20
user_00e7be97,20,2,"[34.233602000000005, -118.471792]","[33.935105, -118.29469]",36.982160966619915,1.0,40
user_00e7be97,30,3,"[34.233602000000005, -118.471792]","[33.935105, -118.29469]",36.982160966619915,1.0,60
user_00e7be97,40,4,"[34.233602000000005, -118.471792]","[33.935105, -118.29469]",36.982160966619915,1.0,80
user_00e7be97,50,4,"[34.233602000000005, -118.471792]","[33.935105, -118.29469]",36.982160966619915,1.0,100
user_0111c2b3,0,0,"[43.707651, -79.406835]","[43.027428, -77.610271]",163.73627460303106,0.0,0
user_0111c2b3,9,2,"[43.707651, -79.406835]","[43.027428, -77.610271]",163.73627460303106,0.0,5
user_0111c2b3,18,4,"[43.707651, -79.406835]","[43.027428, -77.610271]",163.73627460303106,0.0,10
user_0111c2b3,36,7,"[43.707651, -79.406835]","[43.027428, -77.610271]",163.73627460303106,0.0,20
user_0111c2b3,72,13,"[43.707651, -79.406835]","[43.027428, -77.610271]",163.73627460303106,0.0,40
user_0111c2b3,108,20,"[43.707651, -79.406835]","[43.027428, -77.610271]",163.73627460303106,0.0,60
user_0111c2b3,144,26,"[43.707651, -79.406835]","[43.027428, -77.610271]",163.73627460303106,0.0,80
user_0111c2b3,179,32,"[43.707651, -79.406835]","[43.027428, -77.610271]",163.73627460303106,0.0,100
user_012b2595,0,0,"[34.127978000000006, -118.03457]","[34.393699999999995, -118.24542149999999]",35.33422267254597,1.0,0
user_012b2595,4,1,"[34.127978000000006, -118.03457]","[34.393699999999995, -118.24542149999999]",35.33422267254597,1.0,5
user_012b2595,7,1,"[34.127978000000006, -118.03457]","[34.393699999999995, -118.24542149999999]",35.33422267254597,1.0,10
user_012b2595,14,1,"[34.127978000000006, -118.03457]","[34.393699999999995, -118.24542149999999]",35.33422267254597,1.0,20
user_012b2595,28,1,"[34.127978000000006, -118.03457]","[34.393699999999995, -118.24542149999999]",35.33422267254597,1.0,40
user_012b2595,42,1,"[34.127978000000006, -118.03457]","[34.393699999999995, -118.24542149999999]",35.33422267254597,1.0,60
user_012b2595,56,1,"[34.127978000000006, -118.03457]","[34.393699999999995, -118.24542149999999]",35.33422267254597,1.0,80
user_012b2595,70,1,"[34.127978000000006, -118.03457]","[38.1297562, -85.9286095]",2902.88763641532,0.0,100
user_0139bf5c,0,0,"[40.670277, -73.899973]","[40.679817, -73.849707]",4.369766000114561,1.0,0
user_0139bf5c,3,1,"[40.670277, -73.899973]","[40.679817, -73.849707]",4.369766000114561,1.0,5
user_0139bf5c,5,2,"[40.670277, -73.899973]","[40.679817, -73.849707]",4.369766000114561,1.0,10
user_0139bf5c,10,4,"[40.670277, -73.899973]","[40.679817, -73.849707]",4.369766000114561,1.0,20
user_0139bf5c,19,8,"[40.670277, -73.899973]","[40.679817, -73.849707]",4.369766000114561,1.0,40
user_0139bf5c,29,12,"[40.670277, -73.899973]","[40.679817, -73.849707]",4.369766000114561,1.0,60
user_0139bf5c,38,16,"[40.670277, -73.899973]","[40.679817, -73.849707]",4.369766000114561,1.0,80
user_0139bf5c,47,20,"[40.670277, -73.899973]","[40.679817, -73.849707]",4.369766000114561,1.0,100
user_0158891f,0,0,"[39.137188, -77.072672]","[37.500671000000004, -77.394889]",184.13060362120044,0.0,0
user_0158891f,3,1,"[39.137188, -77.072672]","[37.500671000000004, -77.394889]",184.13060362120044,0.0,5
user_0158891f,5,1,"[39.137188, -77.072672]","[37.500671000000004, -77.394889]",184.13060362120044,0.0,10
user_0158891f,9,2,"[39.137188, -77.072672]","[37.500671000000004, -77.394889]",184.13060362120044,0.0,20
user_0158891f,18,4,"[39.137188, -77.072672]","[37.500671000000004, -77.394889]",184.13060362120044,0.0,40
user_0158891f,27,6,"[39.137188, -77.072672]","[37.500671000000004, -77.394889]",184.13060362120044,0.0,60
user_0158891f,36,8,"[39.137188, -77.072672]","[38.935939499999996, -77.024115]",22.767441483613656,1.0,80
user_0158891f,44,9,"[39.137188, -77.072672]","[37.500671000000004, -77.394889]",184.13060362120044,0.0,100
user_018311d7,0,0,"[26.240639, -80.202175]","[25.973882, -80.242374]",29.932411855580117,1.0,0
user_018311d7,5,1,"[26.240639, -80.202175]","[25.973882, -80.242374]",29.932411855580117,1.0,5
user_018311d7,10,1,"[26.240639, -80.202175]","[25.973882, -80.242374]",29.932411855580117,1.0,10
user_018311d7,19,2,"[26.240639, -80.202175]","[25.973882, -80.242374]",29.932411855580117,1.0,20
user_018311d7,37,3,"[26.240639, -80.202175]","[33.746497, -84.074836]",913.9276500410303,0.0,40
user_018311d7,56,5,"[26.240639, -80.202175]","[33.746497, -84.074836]",913.9276500410303,0.0,60
user_018311d7,74,6,"[26.240639, -80.202175]","[33.746497, -84.074836]",913.9276500410303,0.0,80
user_018311d7,92,7,"[26.240639, -80.202175]","[33.746497, -84.074836]",913.9276500410303,0.0,100
user_020719b6,0,0,"[40.798828, -73.96866700000001]","[40.812029499999994, -73.93619749999999]",3.1021640703310176,1.0,0
user_020719b6,12,2,"[40.798828, -73.96866700000001]","[40.9112535, -73.7748885]",20.539974318257194,1.0,5
user_020719b6,24,4,"[40.798828, -73.96866700000001]","[40.9112535, -73.7748885]",20.539974318257194,1.0,10
user_020719b6,48,7,"[40.798828, -73.96866700000001]","[40.812029499999994, -73.93619749999999]",3.1021640703310176,1.0,20
user_020719b6,95,13,"[40.798828, -73.96866700000001]","[40.812029499999994, -73.93619749999999]",3.1021640703310176,1.0,40
user_020719b6,142,19,"[40.798828, -73.96866700000001]","[40.812029499999994, -73.93619749999999]",3.1021640703310176,1.0,60
user_020719b6,189,25,"[40.798828, -73.96866700000001]","[40.812029499999994, -73.93619749999999]",3.1021640703310176,1.0,80
user_020719b6,236,31,"[40.798828, -73.96866700000001]","[40.812029499999994, -73.93619749999999]",3.1021640703310176,1.0,100
user_024035a3,0,0,"[41.89503, -87.61735300000001]","[38.1297562, -85.9286095]",442.66663378170585,0.0,0
user_024035a3,8,1,"[41.89503, -87.61735300000001]","[38.1297562, -85.9286095]",442.66663378170585,0.0,5
user_024035a3,15,1,"[41.89503, -87.61735300000001]","[38.1297562, -85.9286095]",442.66663378170585,0.0,10
user_024035a3,29,2,"[41.89503, -87.61735300000001]","[38.1297562, -85.9286095]",442.66663378170585,0.0,20
user_024035a3,57,4,"[41.89503, -87.61735300000001]","[38.1297562, -85.9286095]",442.66663378170585,0.0,40
user_024035a3,86,5,"[41.89503, -87.61735300000001]","[38.1297562, -85.9286095]",442.66663378170585,0.0,60
user_024035a3,114,7,"[41.89503, -87.61735300000001]","[38.1297562, -85.9286095]",442.66663378170585,0.0,80
user_024035a3,142,8,"[41.89503, -87.61735300000001]","[38.1297562, -85.9286095]",442.66663378170585,0.0,100
user_0244a57d,0,0,"[36.070212, -79.771242]","[35.699328, -80.81794599999999]",102.92053890660378,1.0,0
user_0244a57d,7,2,"[36.070212, -79.771242]","[35.699328, -80.81794599999999]",102.92053890660378,1.0,5
user_0244a57d,13,3,"[36.070212, -79.771242]","[35.699328, -80.81794599999999]",102.92053890660378,1.0,10
user_0244a57d,26,5,"[36.070212, -79.771242]","[35.699328, -80.81794599999999]",102.92053890660378,1.0,20
user_0244a57d,52,9,"[36.070212, -79.771242]","[35.699328, -80.81794599999999]",102.92053890660378,1.0,40
user_0244a57d,78,13,"[36.070212, -79.771242]","[35.699328, -80.81794599999999]",102.92053890660378,1.0,60
user_0244a57d,104,17,"[36.070212, -79.771242]","[35.699328, -80.81794599999999]",102.92053890660378,1.0,80
user_0244a57d,129,21,"[36.070212, -79.771242]","[35.699328, -80.81794599999999]",102.92053890660378,1.0,100
user_025254cc,0,0,"[32.37846, -86.19815]","[29.694716500000002, -95.5632315]",940.4374948874217,0.0,0
user_025254cc,4,1,"[32.37846, -86.19815]","[29.694716500000002, -95.5632315]",940.4374948874217,0.0,5
user_025254cc,7,2,"[32.37846, -86.19815]","[29.694716500000002, -95.5632315]",940.4374948874217,0.0,10
user_025254cc,14,4,"[32.37846, -86.19815]","[29.694716500000002, -95.5632315]",940.4374948874217,0.0,20
user_025254cc,28,8,"[32.37846, -86.19815]","[29.694716500000002, -95.5632315]",940.4374948874217,0.0,40
user_025254cc,42,11,"[32.37846, -86.19815]","[29.694716500000002, -95.5632315]",940.4374948874217,0.0,60
user_025254cc,56,15,"[32.37846, -86.19815]","[29.694716500000002, -95.5632315]",940.4374948874217,0.0,80
user_025254cc,69,18,"[32.37846, -86.19815]","[29.694716500000002, -95.5632315]",940.4374948874217,0.0,100
user_02608f89,0,0,"[29.613927, -95.499895]","[29.694716500000002, -95.5632315]",10.870115489034083,1.0,0
user_02608f89,11,3,"[29.613927, -95.499895]","[29.694716500000002, -95.5632315]",10.870115489034083,1.0,5
user_02608f89,22,6,"[29.613927, -95.499895]","[29.694716500000002, -95.5632315]",10.870115489034083,1.0,10
user_02608f89,44,11,"[29.613927, -95.499895]","[29.694716500000002, -95.5632315]",10.870115489034083,1.0,20
user_02608f89,87,21,"[29.613927, -95.499895]","[29.694716500000002, -95.5632315]",10.870115489034083,1.0,40
user_02608f89,131,31,"[29.613927, -95.499895]","[29.694716500000002, -95.5632315]",10.870115489034083,1.0,60
user_02608f89,174,41,"[29.613927, -95.499895]","[29.694716500000002, -95.5632315]",10.870115489034083,1.0,80
user_02608f89,217,51,"[29.613927, -95.499895]","[29.694716500000002, -95.5632315]",10.870115489034083,1.0,100
user_0260ac1c,0,0,"[25.964809, -80.352982]","[25.973882, -80.242374]",11.103139449125363,1.0,0
user_0260ac1c,5,1,"[25.964809, -80.352982]","[25.973882, -80.242374]",11.103139449125363,1.0,5
user_0260ac1c,9,2,"[25.964809, -80.352982]","[25.973882, -80.242374]",11.103139449125363,1.0,10
user_0260ac1c,17,3,"[25.964809, -80.352982]","[25.973882, -80.242374]",11.103139449125363,1.0,20
user_0260ac1c,33,5,"[25.964809, -80.352982]","[25.973882, -80.242374]",11.103139449125363,1.0,40
user_0260ac1c,50,8,"[25.964809, -80.352982]","[25.973882, -80.242374]",11.103139449125363,1.0,60
user_0260ac1c,66,10,"[25.964809, -80.352982]","[25.973882, -80.242374]",11.103139449125363,1.0,80
user_0260ac1c,82,12,"[25.964809, -80.352982]","[25.973882, -80.242374]",11.103139449125363,1.0,100
user_026a085b,0,0,"[40.822542, -73.616138]","[40.862080999999996, -73.893029]",23.703489251116157,1.0,0
user_026a085b,4,1,"[40.822542, -73.616138]","[40.862080999999996, -73.893029]",23.703489251116157,1.0,5
user_026a085b,7,1,"[40.822542, -73.616138]","[40.862080999999996, -73.893029]",23.703489251116157,1.0,10
user_026a085b,13,2,"[40.822542, -73.616138]","[40.862080999999996, -73.893029]",23.703489251116157,1.0,20
user_026a085b,26,3,"[40.822542, -73.616138]","[40.862080999999996, -73.893029]",23.703489251116157,1.0,40
user_026a085b,39,4,"[40.822542, -73.616138]","[40.862080999999996, -73.893029]",23.703489251116157,1.0,60
user_026a085b,52,5,"[40.822542, -73.616138]","[40.862080999999996, -73.893029]",23.703489251116157,1.0,80
user_026a085b,65,6,"[40.822542, -73.616138]","[40.862080999999996, -73.893029]",23.703489251116157,1.0,100
user_027240b7,0,0,"[40.715163000000004, -74.050488]","[40.6952045, -74.005395]",4.401527815697584,1.0,0
user_027240b7,5,1,"[40.715163000000004, -74.050488]","[40.6952045, -74.005395]",4.401527815697584,1.0,5
user_027240b7,10,2,"[40.715163000000004, -74.050488]","[40.6952045, -74.005395]",4.401527815697584,1.0,10
user_027240b7,19,3,"[40.715163000000004, -74.050488]","[40.6952045, -74.005395]",4.401527815697584,1.0,20
user_027240b7,38,5,"[40.715163000000004, -74.050488]","[40.6952045, -74.005395]",4.401527815697584,1.0,40
user_027240b7,57,8,"[40.715163000000004, -74.050488]","[40.6952045, -74.005395]",4.401527815697584,1.0,60
user_027240b7,76,10,"[40.715163000000004, -74.050488]","[40.6952045, -74.005395]",4.401527815697584,1.0,80
user_027240b7,94,12,"[40.715163000000004, -74.050488]","[40.6952045, -74.005395]",4.401527815697584,1.0,100
user_028ea70d,0,0,"[33.952566999999995, -84.095391]","[37.500671000000004, -77.394889]",721.8445247035469,0.0,0
user_028ea70d,5,2,"[33.952566999999995, -84.095391]","[37.500671000000004, -77.394889]",721.8445247035469,0.0,5
user_028ea70d,10,4,"[33.952566999999995, -84.095391]","[37.500671000000004, -77.394889]",721.8445247035469,0.0,10
user_028ea70d,20,7,"[33.952566999999995, -84.095391]","[37.500671000000004, -77.394889]",721.8445247035469,0.0,20
user_028ea70d,40,13,"[33.952566999999995, -84.095391]","[37.500671000000004, -77.394889]",721.8445247035469,0.0,40
user_028ea70d,59,20,"[33.952566999999995, -84.095391]","[37.500671000000004, -77.394889]",721.8445247035469,0.0,60
user_028ea70d,79,26,"[33.952566999999995, -84.095391]","[37.500671000000004, -77.394889]",721.8445247035469,0.0,80
user_028ea70d,98,32,"[33.952566999999995, -84.095391]","[37.500671000000004, -77.394889]",721.8445247035469,0.0,100
user_02b9be6b,0,0,"[25.715007999999997, -80.321984]","[25.973882, -80.242374]",29.867647250631187,1.0,0
user_02b9be6b,3,1,"[25.715007999999997, -80.321984]","[25.973882, -80.242374]",29.867647250631187,1.0,5
user_02b9be6b,6,1,"[25.715007999999997, -80.321984]","[25.973882, -80.242374]",29.867647250631187,1.0,10
user_02b9be6b,12,2,"[25.715007999999997, -80.321984]","[25.973882, -80.242374]",29.867647250631187,1.0,20
user_02b9be6b,23,4,"[25.715007999999997, -80.321984]","[25.973882, -80.242374]",29.867647250631187,1.0,40
user_02b9be6b,34,5,"[25.715007999999997, -80.321984]","[25.973882, -80.242374]",29.867647250631187,1.0,60
user_02b9be6b,45,7,"[25.715007999999997, -80.321984]","[25.973882, -80.242374]",29.867647250631187,1.0,80
user_02b9be6b,56,8,"[25.715007999999997, -80.321984]","[25.973882, -80.242374]",29.867647250631187,1.0,100
user_02bc8170,0,0,"[33.956047, -80.388723]","[33.746497, -84.074836]",341.1757118692413,0.0,0
user_02bc8170,6,1,"[33.956047, -80.388723]","[33.746497, -84.074836]",341.1757118692413,0.0,5
user_02bc8170,11,2,"[33.956047, -80.388723]","[33.746497, -84.074836]",341.1757118692413,0.0,10
user_02bc8170,22,4,"[33.956047, -80.388723]","[33.746497, -84.074836]",341.1757118692413,0.0,20
user_02bc8170,43,8,"[33.956047, -80.388723]","[33.746497, -84.074836]",341.1757118692413,0.0,40
user_02bc8170,65,12,"[33.956047, -80.388723]","[33.746497, -84.074836]",341.1757118692413,0.0,60
user_02bc8170,86,16,"[33.956047, -80.388723]","[33.746497, -84.074836]",341.1757118692413,0.0,80
user_02bc8170,107,19,"[33.956047, -80.388723]","[33.746497, -84.074836]",341.1757118692413,0.0,100
user_02bf7ba3,0,0,"[30.431894, -91.172674]","[33.746497, -84.074836]",763.2314341694454,0.0,0
user_02bf7ba3,5,1,"[30.431894, -91.172674]","[33.746497, -84.074836]",763.2314341694454,0.0,5
user_02bf7ba3,9,1,"[30.431894, -91.172674]","[33.746497, -84.074836]",763.2314341694454,0.0,10
user_02bf7ba3,17,1,"[30.431894, -91.172674]","[33.746497, -84.074836]",763.2314341694454,0.0,20
user_02bf7ba3,33,2,"[30.431894, -91.172674]","[33.746497, -84.074836]",763.2314341694454,0.0,40
user_02bf7ba3,50,2,"[30.431894, -91.172674]","[33.746497, -84.074836]",763.2314341694454,0.0,60
user_02bf7ba3,66,3,"[30.431894, -91.172674]","[33.746497, -84.074836]",763.2314341694454,0.0,80
user_02bf7ba3,82,3,"[30.431894, -91.172674]","[33.748637, -84.44241149999999]",733.2367547445812,0.0,100
user_0353e8ae,0,0,"[33.991759, -81.026973]","[33.746497, -84.074836]",282.7067759271928,0.0,0
user_0353e8ae,3,3,"[33.991759, -81.026973]","[33.746497, -84.074836]",282.7067759271928,0.0,5
user_0353e8ae,5,5,"[33.991759, -81.026973]","[33.746497, -84.074836]",282.7067759271928,0.0,10
user_0353e8ae,10,9,"[33.991759, -81.026973]","[33.746497, -84.074836]",282.7067759271928,0.0,20
user_0353e8ae,20,17,"[33.991759, -81.026973]","[33.746497, -84.074836]",282.7067759271928,0.0,40
user_0353e8ae,30,26,"[33.991759, -81.026973]","[33.746497, -84.074836]",282.7067759271928,0.0,60
user_0353e8ae,40,34,"[33.991759, -81.026973]","[33.746497, -84.074836]",282.7067759271928,0.0,80
user_0353e8ae,50,42,"[33.991759, -81.026973]","[33.746497, -84.074836]",282.7067759271928,0.0,100
user_0358290a,0,0,"[42.329366, -71.083885]","[41.916661, -71.40430400000001]",52.95563258243768,1.0,0
user_0358290a,6,1,"[42.329366, -71.083885]","[41.916661, -71.40430400000001]",52.95563258243768,1.0,5
user_0358290a,12,1,"[42.329366, -71.083885]","[41.916661, -71.40430400000001]",52.95563258243768,1.0,10
user_0358290a,23,2,"[42.329366, -71.083885]","[41.916661, -71.40430400000001]",52.95563258243768,1.0,20
user_0358290a,45,4,"[42.329366, -71.083885]","[41.916661, -71.40430400000001]",52.95563258243768,1.0,40
user_0358290a,68,6,"[42.329366, -71.083885]","[41.916661, -71.40430400000001]",52.95563258243768,1.0,60
user_0358290a,90,8,"[42.329366, -71.083885]","[41.916661, -71.40430400000001]",52.95563258243768,1.0,80
user_0358290a,112,10,"[42.329366, -71.083885]","[41.916661, -71.40430400000001]",52.95563258243768,1.0,100
user_0382fe49,0,0,"[39.984679, -104.880067]","[32.966581500000004, -96.941848]",1053.9584358080285,0.0,0
user_0382fe49,7,1,"[39.984679, -104.880067]","[32.966581500000004, -96.941848]",1053.9584358080285,0.0,5
user_0382fe49,13,2,"[39.984679, -104.880067]","[32.966581500000004, -96.941848]",1053.9584358080285,0.0,10
user_0382fe49,25,3,"[39.984679, -104.880067]","[32.966581500000004, -96.941848]",1053.9584358080285,0.0,20
user_0382fe49,49,5,"[39.984679, -104.880067]","[32.966581500000004, -96.941848]",1053.9584358080285,0.0,40
user_0382fe49,73,8,"[39.984679, -104.880067]","[32.966581500000004, -96.941848]",1053.9584358080285,0.0,60
user_0382fe49,97,10,"[39.984679, -104.880067]","[32.966581500000004, -96.941848]",1053.9584358080285,0.0,80
user_0382fe49,121,12,"[39.984679, -104.880067]","[32.966581500000004, -96.941848]",1053.9584358080285,0.0,100
user_03c6b720,0,0,"[40.604419, -73.754601]","[40.6952045, -74.005395]",23.44290600909879,1.0,0
user_03c6b720,4,1,"[40.604419, -73.754601]","[40.6952045, -74.005395]",23.44290600909879,1.0,5
user_03c6b720,8,1,"[40.604419, -73.754601]","[40.6952045, -74.005395]",23.44290600909879,1.0,10
user_03c6b720,16,2,"[40.604419, -73.754601]","[40.9112535, -73.7748885]",34.161250068870054,1.0,20
user_03c6b720,32,3,"[40.604419, -73.754601]","[40.6952045, -74.005395]",23.44290600909879,1.0,40
user_03c6b720,48,5,"[40.604419, -73.754601]","[40.6952045, -74.005395]",23.44290600909879,1.0,60
user_03c6b720,64,6,"[40.604419, -73.754601]","[40.6952045, -74.005395]",23.44290600909879,1.0,80
user_03c6b720,79,7,"[40.604419, -73.754601]","[40.6952045, -74.005395]",23.44290600909879,1.0,100
user_03d8769a,0,0,"[37.025089, -76.342439]","[33.748637, -84.44241149999999]",819.2916039466728,0.0,0
user_03d8769a,5,1,"[37.025089, -76.342439]","[33.748637, -84.44241149999999]",819.2916039466728,0.0,5
user_03d8769a,9,1,"[37.025089, -76.342439]","[33.748637, -84.44241149999999]",819.2916039466728,0.0,10
user_03d8769a,18,1,"[37.025089, -76.342439]","[33.748637, -84.44241149999999]",819.2916039466728,0.0,20
user_03d8769a,36,1,"[37.025089, -76.342439]","[33.187655500000005, -90.102037]",1320.9097881774026,0.0,40
user_03d8769a,54,2,"[37.025089, -76.342439]","[34.393699999999995, -118.24542149999999]",3764.2144868732203,0.0,60
user_03d8769a,72,2,"[37.025089, -76.342439]","[38.1297562, -85.9286095]",853.2697072574912,0.0,80
user_03d8769a,90,2,"[37.025089, -76.342439]","[41.446424, -81.536098]",664.4049418777848,0.0,100
user_03e00276,0,0,"[41.333726, -72.92830699999999]","[35.699328, -80.81794599999999]",928.6010383959924,0.0,0
user_03e00276,3,2,"[41.333726, -72.92830699999999]","[35.699328, -80.81794599999999]",928.6010383959924,0.0,5
user_03e00276,6,4,"[41.333726, -72.92830699999999]","[35.699328, -80.81794599999999]",928.6010383959924,0.0,10
user_03e00276,11,7,"[41.333726, -72.92830699999999]","[35.699328, -80.81794599999999]",928.6010383959924,0.0,20
user_03e00276,22,14,"[41.333726, -72.92830699999999]","[35.699328, -80.81794599999999]",928.6010383959924,0.0,40
user_03e00276,32,20,"[41.333726, -72.92830699999999]","[35.699328, -80.81794599999999]",928.6010383959924,0.0,60
user_03e00276,43,27,"[41.333726, -72.92830699999999]","[35.699328, -80.81794599999999]",928.6010383959924,0.0,80
user_03e00276,53,33,"[41.333726, -72.92830699999999]","[35.699328, -80.81794599999999]",928.6010383959924,0.0,100
user_03e9e8a9,0,0,"[34.134991, -117.561371]","[34.393699999999995, -118.24542149999999]",69.13159471261251,1.0,0
user_03e9e8a9,11,2,"[34.134991, -117.561371]","[34.393699999999995, -118.24542149999999]",69.13159471261251,1.0,5
user_03e9e8a9,22,3,"[34.134991, -117.561371]","[34.393699999999995, -118.24542149999999]",69.13159471261251,1.0,10
user_03e9e8a9,43,5,"[34.134991, -117.561371]","[34.393699999999995, -118.24542149999999]",69.13159471261251,1.0,20
user_03e9e8a9,86,10,"[34.134991, -117.561371]","[34.393699999999995, -118.24542149999999]",69.13159471261251,1.0,40
user_03e9e8a9,128,15,"[34.134991, -117.561371]","[34.393699999999995, -118.24542149999999]",69.13159471261251,1.0,60
user_03e9e8a9,171,20,"[34.134991, -117.561371]","[34.393699999999995, -118.24542149999999]",69.13159471261251,1.0,80
user_03e9e8a9,213,25,"[34.134991, -117.561371]","[34.393699999999995, -118.24542149999999]",69.13159471261251,1.0,100
user_04404fd9,0,0,"[36.636402000000004, -87.46505]","[40.0097845, -75.15243749999999]",1136.5373638900844,0.0,0
user_04404fd9,4,1,"[36.636402000000004, -87.46505]","[40.0097845, -75.15243749999999]",1136.5373638900844,0.0,5
user_04404fd9,8,1,"[36.636402000000004, -87.46505]","[40.0097845, -75.15243749999999]",1136.5373638900844,0.0,10
user_04404fd9,16,1,"[36.636402000000004, -87.46505]","[40.0097845, -75.15243749999999]",1136.5373638900844,0.0,20
user_04404fd9,31,2,"[36.636402000000004, -87.46505]","[40.0097845, -75.15243749999999]",1136.5373638900844,0.0,40
user_04404fd9,47,3,"[36.636402000000004, -87.46505]","[40.0097845, -75.15243749999999]",1136.5373638900844,0.0,60
user_04404fd9,62,4,"[36.636402000000004, -87.46505]","[40.0097845, -75.15243749999999]",1136.5373638900844,0.0,80
user_04404fd9,77,5,"[36.636402000000004, -87.46505]","[40.0097845, -75.15243749999999]",1136.5373638900844,0.0,100
user_04b3ff64,0,0,"[34.040688, -84.579036]","[33.748637, -84.44241149999999]",34.837064097433,1.0,0
user_04b3ff64,5,1,"[34.040688, -84.579036]","[33.748637, -84.44241149999999]",34.837064097433,1.0,5
user_04b3ff64,9,1,"[34.040688, -84.579036]","[33.748637, -84.44241149999999]",34.837064097433,1.0,10
user_04b3ff64,17,1,"[34.040688, -84.579036]","[33.748637, -84.44241149999999]",34.837064097433,1.0,20
user_04b3ff64,34,2,"[34.040688, -84.579036]","[33.748637, -84.44241149999999]",34.837064097433,1.0,40
user_04b3ff64,51,2,"[34.040688, -84.579036]","[33.748637, -84.44241149999999]",34.837064097433,1.0,60
user_04b3ff64,68,3,"[34.040688, -84.579036]","[33.748637, -84.44241149999999]",34.837064097433,1.0,80
user_04b3ff64,84,3,"[34.040688, -84.579036]","[33.748637, -84.44241149999999]",34.837064097433,1.0,100
user_04baefe3,0,0,"[39.807952, -75.925399]","[38.935939499999996, -77.024115]",135.35509271365876,1.0,0
user_04baefe3,6,1,"[39.807952, -75.925399]","[38.935939499999996, -77.024115]",135.35509271365876,1.0,5
user_04baefe3,11,1,"[39.807952, -75.925399]","[38.935939499999996, -77.024115]",135.35509271365876,1.0,10
user_04baefe3,22,2,"[39.807952, -75.925399]","[38.935939499999996, -77.024115]",135.35509271365876,1.0,20
user_04baefe3,43,4,"[39.807952, -75.925399]","[38.935939499999996, -77.024115]",135.35509271365876,1.0,40
user_04baefe3,64,6,"[39.807952, -75.925399]","[38.935939499999996, -77.024115]",135.35509271365876,1.0,60
user_04baefe3,85,8,"[39.807952, -75.925399]","[38.935939499999996, -77.024115]",135.35509271365876,1.0,80
user_04baefe3,106,10,"[39.807952, -75.925399]","[38.935939499999996, -77.024115]",135.35509271365876,1.0,100
user_04d5ae7e,0,0,"[32.011023, -81.057825]","[30.248988500000003, -82.335955]",230.6206952268657,0.0,0
user_04d5ae7e,7,1,"[32.011023, -81.057825]","[30.248988500000003, -82.335955]",230.6206952268657,0.0,5
user_04d5ae7e,14,2,"[32.011023, -81.057825]","[30.248988500000003, -82.335955]",230.6206952268657,0.0,10
user_04d5ae7e,27,3,"[32.011023, -81.057825]","[30.248988500000003, -82.335955]",230.6206952268657,0.0,20
user_04d5ae7e,53,6,"[32.011023, -81.057825]","[30.248988500000003, -82.335955]",230.6206952268657,0.0,40
user_04d5ae7e,79,8,"[32.011023, -81.057825]","[30.248988500000003, -82.335955]",230.6206952268657,0.0,60
user_04d5ae7e,105,11,"[32.011023, -81.057825]","[30.248988500000003, -82.335955]",230.6206952268657,0.0,80
user_04d5ae7e,131,13,"[32.011023, -81.057825]","[30.248988500000003, -82.335955]",230.6206952268657,0.0,100
user_04f00846,0,0,"[41.09551, -74.016537]","[40.767058, -73.997]",36.55910524537806,1.0,0
user_04f00846,11,2,"[41.09551, -74.016537]","[40.767058, -73.997]",36.55910524537806,1.0,5
user_04f00846,21,4,"[41.09551, -74.016537]","[40.767058, -73.997]",36.55910524537806,1.0,10
user_04f00846,41,7,"[41.09551, -74.016537]","[40.767058, -73.997]",36.55910524537806,1.0,20
user_04f00846,82,13,"[41.09551, -74.016537]","[40.767058, -73.997]",36.55910524537806,1.0,40
user_04f00846,123,20,"[41.09551, -74.016537]","[40.767058, -73.997]",36.55910524537806,1.0,60
user_04f00846,164,26,"[41.09551, -74.016537]","[40.767058, -73.997]",36.55910524537806,1.0,80
user_04f00846,205,32,"[41.09551, -74.016537]","[40.767058, -73.997]",36.55910524537806,1.0,100
user_05359f88,0,0,"[36.339573, -78.41385600000001]","[30.248988500000003, -82.335955]",768.9218067220387,0.0,0
user_05359f88,7,3,"[36.339573, -78.41385600000001]","[30.248988500000003, -82.335955]",768.9218067220387,0.0,5
user_05359f88,13,5,"[36.339573, -78.41385600000001]","[30.248988500000003, -82.335955]",768.9218067220387,0.0,10
user_05359f88,25,9,"[36.339573, -78.41385600000001]","[30.248988500000003, -82.335955]",768.9218067220387,0.0,20
user_05359f88,50,18,"[36.339573, -78.41385600000001]","[30.248988500000003, -82.335955]",768.9218067220387,0.0,40
user_05359f88,75,27,"[36.339573, -78.41385600000001]","[30.248988500000003, -82.335955]",768.9218067220387,0.0,60
user_05359f88,100,36,"[36.339573, -78.41385600000001]","[30.248988500000003, -82.335955]",768.9218067220387,0.0,80
user_05359f88,125,44,"[36.339573, -78.41385600000001]","[30.248988500000003, -82.335955]",768.9218067220387,0.0,100
user_0555ab22,0,0,"[39.188237, -75.540796]","[39.307559999999995, -76.65441700000001]",96.80816889918151,1.0,0
user_0555ab22,9,1,"[39.188237, -75.540796]","[39.307559999999995, -76.65441700000001]",96.80816889918151,1.0,5
user_0555ab22,18,2,"[39.188237, -75.540796]","[39.307559999999995, -76.65441700000001]",96.80816889918151,1.0,10
user_0555ab22,35,3,"[39.188237, -75.540796]","[39.307559999999995, -76.65441700000001]",96.80816889918151,1.0,20
user_0555ab22,70,5,"[39.188237, -75.540796]","[39.307559999999995, -76.65441700000001]",96.80816889918151,1.0,40
user_0555ab22,105,7,"[39.188237, -75.540796]","[39.307559999999995, -76.65441700000001]",96.80816889918151,1.0,60
user_0555ab22,140,9,"[39.188237, -75.540796]","[39.307559999999995, -76.65441700000001]",96.80816889918151,1.0,80
user_0555ab22,175,11,"[39.188237, -75.540796]","[39.307559999999995, -76.65441700000001]",96.80816889918151,1.0,100
user_055cdf03,0,0,"[40.751304, -74.211725]","[40.6952045, -74.005395]",18.47281296596011,1.0,0
user_055cdf03,5,1,"[40.751304, -74.211725]","[40.6952045, -74.005395]",18.47281296596011,1.0,5
user_055cdf03,10,2,"[40.751304, -74.211725]","[40.6952045, -74.005395]",18.47281296596011,1.0,10
user_055cdf03,20,4,"[40.751304, -74.211725]","[40.6952045, -74.005395]",18.47281296596011,1.0,20
user_055cdf03,39,8,"[40.751304, -74.211725]","[40.6952045, -74.005395]",18.47281296596011,1.0,40
user_055cdf03,58,12,"[40.751304, -74.211725]","[40.6952045, -74.005395]",18.47281296596011,1.0,60
user_055cdf03,77,16,"[40.751304, -74.211725]","[40.6952045, -74.005395]",18.47281296596011,1.0,80
user_055cdf03,96,19,"[40.751304, -74.211725]","[40.6952045, -74.005395]",18.47281296596011,1.0,100
user_0566f050,0,0,"[42.351259999999996, -122.91830700000001]","[33.592547999999994, -117.1703525]",1095.8608348425878,0.0,0
user_0566f050,4,1,"[42.351259999999996, -122.91830700000001]","[33.592547999999994, -117.1703525]",1095.8608348425878,0.0,5
user_0566f050,8,1,"[42.351259999999996, -122.91830700000001]","[33.592547999999994, -117.1703525]",1095.8608348425878,0.0,10
user_0566f050,15,1,"[42.351259999999996, -122.91830700000001]","[33.592547999999994, -117.1703525]",1095.8608348425878,0.0,20
user_0566f050,30,2,"[42.351259999999996, -122.91830700000001]","[33.592547999999994, -117.1703525]",1095.8608348425878,0.0,40
user_0566f050,44,3,"[42.351259999999996, -122.91830700000001]","[33.592547999999994, -117.1703525]",1095.8608348425878,0.0,60
user_0566f050,59,4,"[42.351259999999996, -122.91830700000001]","[33.592547999999994, -117.1703525]",1095.8608348425878,0.0,80
user_0566f050,73,5,"[42.351259999999996, -122.91830700000001]","[34.393699999999995, -118.24542149999999]",973.6964394979307,0.0,100
user_056a2eb2,0,0,"[37.055642, -76.399305]","[43.027428, -77.610271]",671.9650464063297,0.0,0
user_056a2eb2,4,1,"[37.055642, -76.399305]","[43.027428, -77.610271]",671.9650464063297,0.0,5
user_056a2eb2,8,2,"[37.055642, -76.399305]","[43.027428, -77.610271]",671.9650464063297,0.0,10
user_056a2eb2,16,4,"[37.055642, -76.399305]","[43.027428, -77.610271]",671.9650464063297,0.0,20
user_056a2eb2,31,8,"[37.055642, -76.399305]","[43.027428, -77.610271]",671.9650464063297,0.0,40
user_056a2eb2,46,12,"[37.055642, -76.399305]","[43.027428, -77.610271]",671.9650464063297,0.0,60
user_056a2eb2,61,16,"[37.055642, -76.399305]","[43.027428, -77.610271]",671.9650464063297,0.0,80
user_056a2eb2,76,20,"[37.055642, -76.399305]","[43.027428, -77.610271]",671.9650464063297,0.0,100
user_0574ec96,0,0,"[29.531613, -95.386957]","[29.694716500000002, -95.5632315]",24.885898473540752,1.0,0
user_0574ec96,6,1,"[29.531613, -95.386957]","[29.694716500000002, -95.5632315]",24.885898473540752,1.0,5
user_0574ec96,11,2,"[29.531613, -95.386957]","[29.694716500000002, -95.5632315]",24.885898473540752,1.0,10
user_0574ec96,21,4,"[29.531613, -95.386957]","[29.694716500000002, -95.5632315]",24.885898473540752,1.0,20
user_0574ec96,42,7,"[29.531613, -95.386957]","[29.694716500000002, -95.5632315]",24.885898473540752,1.0,40
user_0574ec96,63,11,"[29.531613, -95.386957]","[29.694716500000002, -95.5632315]",24.885898473540752,1.0,60
user_0574ec96,84,14,"[29.531613, -95.386957]","[29.694716500000002, -95.5632315]",24.885898473540752,1.0,80
user_0574ec96,104,17,"[29.531613, -95.386957]","[29.694716500000002, -95.5632315]",24.885898473540752,1.0,100
user_057f1471,0,0,"[45.379387, -75.76917399999999]","[41.446424, -81.536098]",638.6244581201928,0.0,0
user_057f1471,6,1,"[45.379387, -75.76917399999999]","[41.446424, -81.536098]",638.6244581201928,0.0,5
user_057f1471,11,1,"[45.379387, -75.76917399999999]","[41.446424, -81.536098]",638.6244581201928,0.0,10
user_057f1471,22,1,"[45.379387, -75.76917399999999]","[41.446424, -81.536098]",638.6244581201928,0.0,20
user_057f1471,44,1,"[45.379387, -75.76917399999999]","[41.446424, -81.536098]",638.6244581201928,0.0,40
user_057f1471,66,2,"[45.379387, -75.76917399999999]","[41.446424, -81.536098]",638.6244581201928,0.0,60
user_057f1471,88,2,"[45.379387, -75.76917399999999]","[41.446424, -81.536098]",638.6244581201928,0.0,80
user_057f1471,110,2,"[45.379387, -75.76917399999999]","[25.973882, -80.242374]",2194.3818852874206,0.0,100
user_0595ced5,0,0,"[36.769942, -78.920068]","[29.694716500000002, -95.5632315]",1732.9476698748454,0.0,0
user_0595ced5,4,4,"[36.769942, -78.920068]","[29.694716500000002, -95.5632315]",1732.9476698748454,0.0,5
user_0595ced5,8,7,"[36.769942, -78.920068]","[29.694716500000002, -95.5632315]",1732.9476698748454,0.0,10
user_0595ced5,15,13,"[36.769942, -78.920068]","[29.694716500000002, -95.5632315]",1732.9476698748454,0.0,20
user_0595ced5,29,26,"[36.769942, -78.920068]","[29.694716500000002, -95.5632315]",1732.9476698748454,0.0,40
user_0595ced5,43,38,"[36.769942, -78.920068]","[29.694716500000002, -95.5632315]",1732.9476698748454,0.0,60
user_0595ced5,57,51,"[36.769942, -78.920068]","[29.694716500000002, -95.5632315]",1732.9476698748454,0.0,80
user_0595ced5,71,63,"[36.769942, -78.920068]","[29.694716500000002, -95.5632315]",1732.9476698748454,0.0,100
user_059788eb,0,0,"[34.363136, -89.562111]","[33.187655500000005, -90.102037]",139.90966022646236,1.0,0
user_059788eb,4,2,"[34.363136, -89.562111]","[33.187655500000005, -90.102037]",139.90966022646236,1.0,5
user_059788eb,8,4,"[34.363136, -89.562111]","[33.187655500000005, -90.102037]",139.90966022646236,1.0,10
user_059788eb,15,7,"[34.363136, -89.562111]","[33.187655500000005, -90.102037]",139.90966022646236,1.0,20
user_059788eb,30,14,"[34.363136, -89.562111]","[33.187655500000005, -90.102037]",139.90966022646236,1.0,40
user_059788eb,45,20,"[34.363136, -89.562111]","[33.187655500000005, -90.102037]",139.90966022646236,1.0,60
user_059788eb,60,27,"[34.363136, -89.562111]","[33.187655500000005, -90.102037]",139.90966022646236,1.0,80
user_059788eb,74,33,"[34.363136, -89.562111]","[33.187655500000005, -90.102037]",139.90966022646236,1.0,100
user_059e3e4b,0,0,"[40.753267, -73.346816]","[40.679817, -73.849707]",43.163263222697914,1.0,0
user_059e3e4b,5,1,"[40.753267, -73.346816]","[40.679817, -73.849707]",43.163263222697914,1.0,5
user_059e3e4b,9,1,"[40.753267, -73.346816]","[40.679817, -73.849707]",43.163263222697914,1.0,10
user_059e3e4b,18,1,"[40.753267, -73.346816]","[40.679817, -73.849707]",43.163263222697914,1.0,20
user_059e3e4b,35,2,"[40.753267, -73.346816]","[40.679817, -73.849707]",43.163263222697914,1.0,40
user_059e3e4b,52,3,"[40.753267, -73.346816]","[40.679817, -73.849707]",43.163263222697914,1.0,60
user_059e3e4b,69,4,"[40.753267, -73.346816]","[40.679817, -73.849707]",43.163263222697914,1.0,80
user_059e3e4b,86,5,"[40.753267, -73.346816]","[40.679817, -73.849707]",43.163263222697914,1.0,100
user_05d21bea,0,0,"[29.768589000000002, -95.337734]","[29.694716500000002, -95.5632315]",23.271313858767435,1.0,0
user_05d21bea,4,2,"[29.768589000000002, -95.337734]","[29.694716500000002, -95.5632315]",23.271313858767435,1.0,5
user_05d21bea,7,4,"[29.768589000000002, -95.337734]","[29.694716500000002, -95.5632315]",23.271313858767435,1.0,10
user_05d21bea,14,7,"[29.768589000000002, -95.337734]","[29.694716500000002, -95.5632315]",23.271313858767435,1.0,20
user_05d21bea,27,13,"[29.768589000000002, -95.337734]","[29.694716500000002, -95.5632315]",23.271313858767435,1.0,40
user_05d21bea,41,20,"[29.768589000000002, -95.337734]","[29.694716500000002, -95.5632315]",23.271313858767435,1.0,60
user_05d21bea,54,26,"[29.768589000000002, -95.337734]","[29.694716500000002, -95.5632315]",23.271313858767435,1.0,80
user_05d21bea,67,32,"[29.768589000000002, -95.337734]","[29.694716500000002, -95.5632315]",23.271313858767435,1.0,100
user_05ed473f,0,0,"[32.421712, -93.758625]","[41.916661, -71.40430400000001]",2234.9877345155937,0.0,0
user_05ed473f,3,1,"[32.421712, -93.758625]","[41.916661, -71.40430400000001]",2234.9877345155937,0.0,5
user_05ed473f,6,1,"[32.421712, -93.758625]","[41.916661, -71.40430400000001]",2234.9877345155937,0.0,10
user_05ed473f,11,1,"[32.421712, -93.758625]","[41.916661, -71.40430400000001]",2234.9877345155937,0.0,20
user_05ed473f,21,2,"[32.421712, -93.758625]","[41.916661, -71.40430400000001]",2234.9877345155937,0.0,40
user_05ed473f,31,2,"[32.421712, -93.758625]","[41.916661, -71.40430400000001]",2234.9877345155937,0.0,60
user_05ed473f,41,3,"[32.421712, -93.758625]","[41.916661, -71.40430400000001]",2234.9877345155937,0.0,80
user_05ed473f,51,3,"[32.421712, -93.758625]","[39.307559999999995, -76.65441700000001]",1717.104843512026,0.0,100
user_060db402,0,0,"[40.638923999999996, -73.952225]","[40.68682149999999, -73.942293]",5.391449651432439,1.0,0
user_060db402,6,1,"[40.638923999999996, -73.952225]","[40.68682149999999, -73.942293]",5.391449651432439,1.0,5
user_060db402,11,1,"[40.638923999999996, -73.952225]","[40.68682149999999, -73.942293]",5.391449651432439,1.0,10
user_060db402,21,2,"[40.638923999999996, -73.952225]","[40.68682149999999, -73.942293]",5.391449651432439,1.0,20
user_060db402,41,3,"[40.638923999999996, -73.952225]","[40.68682149999999, -73.942293]",5.391449651432439,1.0,40
user_060db402,62,4,"[40.638923999999996, -73.952225]","[40.68682149999999, -73.942293]",5.391449651432439,1.0,60
user_060db402,82,5,"[40.638923999999996, -73.952225]","[40.68682149999999, -73.942293]",5.391449651432439,1.0,80
user_060db402,102,6,"[40.638923999999996, -73.952225]","[40.68682149999999, -73.942293]",5.391449651432439,1.0,100
user_0617e84c,0,0,"[37.625023999999996, -122.07968400000001]","[40.68682149999999, -73.942293]",4112.6032307515,0.0,0
user_0617e84c,6,1,"[37.625023999999996, -122.07968400000001]","[40.68682149999999, -73.942293]",4112.6032307515,0.0,5
user_0617e84c,11,1,"[37.625023999999996, -122.07968400000001]","[40.68682149999999, -73.942293]",4112.6032307515,0.0,10
user_0617e84c,21,2,"[37.625023999999996, -122.07968400000001]","[40.68682149999999, -73.942293]",4112.6032307515,0.0,20
user_0617e84c,42,4,"[37.625023999999996, -122.07968400000001]","[40.68682149999999, -73.942293]",4112.6032307515,0.0,40
user_0617e84c,63,5,"[37.625023999999996, -122.07968400000001]","[40.68682149999999, -73.942293]",4112.6032307515,0.0,60
user_0617e84c,84,7,"[37.625023999999996, -122.07968400000001]","[40.68682149999999, -73.942293]",4112.6032307515,0.0,80
user_0617e84c,104,8,"[37.625023999999996, -122.07968400000001]","[40.68682149999999, -73.942293]",4112.6032307515,0.0,100
user_06248d78,0,0,"[45.053863, -93.377516]","[41.888062, -87.853226]",567.7944328559498,0.0,0
user_06248d78,5,2,"[45.053863, -93.377516]","[41.888062, -87.853226]",567.7944328559498,0.0,5
user_06248d78,9,3,"[45.053863, -93.377516]","[41.888062, -87.853226]",567.7944328559498,0.0,10
user_06248d78,18,5,"[45.053863, -93.377516]","[41.888062, -87.853226]",567.7944328559498,0.0,20
user_06248d78,35,9,"[45.053863, -93.377516]","[41.888062, -87.853226]",567.7944328559498,0.0,40
user_06248d78,53,13,"[45.053863, -93.377516]","[41.888062, -87.853226]",567.7944328559498,0.0,60
user_06248d78,70,17,"[45.053863, -93.377516]","[41.888062, -87.853226]",567.7944328559498,0.0,80
user_06248d78,87,21,"[45.053863, -93.377516]","[41.888062, -87.853226]",567.7944328559498,0.0,100
user_06298aab,0,0,"[29.645474, -95.574696]","[29.694716500000002, -95.5632315]",5.5864358196509265,1.0,0
user_06298aab,5,1,"[29.645474, -95.574696]","[29.694716500000002, -95.5632315]",5.5864358196509265,1.0,5
user_06298aab,9,1,"[29.645474, -95.574696]","[29.694716500000002, -95.5632315]",5.5864358196509265,1.0,10
user_06298aab,17,2,"[29.645474, -95.574696]","[29.694716500000002, -95.5632315]",5.5864358196509265,1.0,20
user_06298aab,34,4,"[29.645474, -95.574696]","[29.694716500000002, -95.5632315]",5.5864358196509265,1.0,40
user_06298aab,50,6,"[29.645474, -95.574696]","[29.694716500000002, -95.5632315]",5.5864358196509265,1.0,60
user_06298aab,67,8,"[29.645474, -95.574696]","[29.694716500000002, -95.5632315]",5.5864358196509265,1.0,80
user_06298aab,83,10,"[29.645474, -95.574696]","[29.694716500000002, -95.5632315]",5.5864358196509265,1.0,100
user_066aff57,0,0,"[34.028372999999995, -84.350139]","[33.748637, -84.44241149999999]",32.250292168667066,1.0,0
user_066aff57,4,4,"[34.028372999999995, -84.350139]","[33.748637, -84.44241149999999]",32.250292168667066,1.0,5
user_066aff57,7,8,"[34.028372999999995, -84.350139]","[33.748637, -84.44241149999999]",32.250292168667066,1.0,10
user_066aff57,13,16,"[34.028372999999995, -84.350139]","[33.748637, -84.44241149999999]",32.250292168667066,1.0,20
user_066aff57,26,32,"[34.028372999999995, -84.350139]","[33.748637, -84.44241149999999]",32.250292168667066,1.0,40
user_066aff57,39,48,"[34.028372999999995, -84.350139]","[33.748637, -84.44241149999999]",32.250292168667066,1.0,60
user_066aff57,52,64,"[34.028372999999995, -84.350139]","[33.748637, -84.44241149999999]",32.250292168667066,1.0,80
user_066aff57,64,79,"[34.028372999999995, -84.350139]","[33.748637, -84.44241149999999]",32.250292168667066,1.0,100
user_067bc0d1,0,0,"[40.67625, -73.741447]","[40.689132, -73.721469]",2.211263634284601,1.0,0
user_067bc0d1,6,3,"[40.67625, -73.741447]","[40.689132, -73.721469]",2.211263634284601,1.0,5
user_067bc0d1,12,6,"[40.67625, -73.741447]","[40.689132, -73.721469]",2.211263634284601,1.0,10
user_067bc0d1,23,11,"[40.67625, -73.741447]","[40.689132, -73.721469]",2.211263634284601,1.0,20
user_067bc0d1,46,21,"[40.67625, -73.741447]","[40.689132, -73.721469]",2.211263634284601,1.0,40
user_067bc0d1,68,31,"[40.67625, -73.741447]","[40.689132, -73.721469]",2.211263634284601,1.0,60
user_067bc0d1,91,41,"[40.67625, -73.741447]","[40.689132, -73.721469]",2.211263634284601,1.0,80
user_067bc0d1,113,51,"[40.67625, -73.741447]","[40.689132, -73.721469]",2.211263634284601,1.0,100
user_069d9ba4,0,0,"[35.043458, -78.986701]","[35.952729999999995, -78.541696]",108.83637806966267,1.0,0
user_069d9ba4,8,2,"[35.043458, -78.986701]","[35.952729999999995, -78.541696]",108.83637806966267,1.0,5
user_069d9ba4,15,3,"[35.043458, -78.986701]","[35.952729999999995, -78.541696]",108.83637806966267,1.0,10
user_069d9ba4,30,5,"[35.043458, -78.986701]","[35.952729999999995, -78.541696]",108.83637806966267,1.0,20
user_069d9ba4,59,10,"[35.043458, -78.986701]","[35.952729999999995, -78.541696]",108.83637806966267,1.0,40
user_069d9ba4,88,14,"[35.043458, -78.986701]","[35.952729999999995, -78.541696]",108.83637806966267,1.0,60
user_069d9ba4,117,19,"[35.043458, -78.986701]","[35.952729999999995, -78.541696]",108.83637806966267,1.0,80
user_069d9ba4,146,23,"[35.043458, -78.986701]","[35.952729999999995, -78.541696]",108.83637806966267,1.0,100
user_06ec6026,0,0,"[40.66425, -73.871848]","[40.6952045, -74.005395]",11.775808156920926,1.0,0
user_06ec6026,3,1,"[40.66425, -73.871848]","[40.6952045, -74.005395]",11.775808156920926,1.0,5
user_06ec6026,6,1,"[40.66425, -73.871848]","[40.6952045, -74.005395]",11.775808156920926,1.0,10
user_06ec6026,11,2,"[40.66425, -73.871848]","[40.6952045, -74.005395]",11.775808156920926,1.0,20
user_06ec6026,22,3,"[40.66425, -73.871848]","[40.6952045, -74.005395]",11.775808156920926,1.0,40
user_06ec6026,33,4,"[40.66425, -73.871848]","[40.6472835, -73.936812]",5.795800063172379,1.0,60
user_06ec6026,44,5,"[40.66425, -73.871848]","[40.6472835, -73.936812]",5.795800063172379,1.0,80
user_06ec6026,54,6,"[40.66425, -73.871848]","[40.6472835, -73.936812]",5.795800063172379,1.0,100
user_06f426b8,0,0,"[31.241482, -90.434754]","[33.935105, -118.29469]",2619.2275792412256,0.0,0
user_06f426b8,7,2,"[31.241482, -90.434754]","[33.935105, -118.29469]",2619.2275792412256,0.0,5
user_06f426b8,14,3,"[31.241482, -90.434754]","[33.935105, -118.29469]",2619.2275792412256,0.0,10
user_06f426b8,27,5,"[31.241482, -90.434754]","[33.935105, -118.29469]",2619.2275792412256,0.0,20
user_06f426b8,53,9,"[31.241482, -90.434754]","[33.935105, -118.29469]",2619.2275792412256,0.0,40
user_06f426b8,80,14,"[31.241482, -90.434754]","[33.935105, -118.29469]",2619.2275792412256,0.0,60
user_06f426b8,106,18,"[31.241482, -90.434754]","[33.935105, -118.29469]",2619.2275792412256,0.0,80
user_06f426b8,132,22,"[31.241482, -90.434754]","[33.935105, -118.29469]",2619.2275792412256,0.0,100
user_07099cde,0,0,"[28.066688, -81.952496]","[39.307559999999995, -76.65441700000001]",1341.9239806759006,0.0,0
user_07099cde,4,2,"[28.066688, -81.952496]","[39.307559999999995, -76.65441700000001]",1341.9239806759006,0.0,5
user_07099cde,8,4,"[28.066688, -81.952496]","[39.307559999999995, -76.65441700000001]",1341.9239806759006,0.0,10
user_07099cde,15,8,"[28.066688, -81.952496]","[39.307559999999995, -76.65441700000001]",1341.9239806759006,0.0,20
user_07099cde,29,16,"[28.066688, -81.952496]","[39.307559999999995, -76.65441700000001]",1341.9239806759006,0.0,40
user_07099cde,44,24,"[28.066688, -81.952496]","[39.307559999999995, -76.65441700000001]",1341.9239806759006,0.0,60
user_07099cde,58,32,"[28.066688, -81.952496]","[39.307559999999995, -76.65441700000001]",1341.9239806759006,0.0,80
user_07099cde,72,39,"[28.066688, -81.952496]","[39.307559999999995, -76.65441700000001]",1341.9239806759006,0.0,100
user_073ae410,0,0,"[40.75, -73.997]","[40.767058, -73.997]",1.8967656786229576,1.0,0
user_073ae410,6,4,"[40.75, -73.997]","[40.767058, -73.997]",1.8967656786229576,1.0,5
user_073ae410,11,7,"[40.75, -73.997]","[40.767058, -73.997]",1.8967656786229576,1.0,10
user_073ae410,21,13,"[40.75, -73.997]","[40.767058, -73.997]",1.8967656786229576,1.0,20
user_073ae410,41,25,"[40.75, -73.997]","[40.9112535, -73.7748885]",25.898353509450903,1.0,40
user_073ae410,62,37,"[40.75, -73.997]","[40.9112535, -73.7748885]",25.898353509450903,1.0,60
user_073ae410,82,49,"[40.75, -73.997]","[40.767058, -73.997]",1.8967656786229576,1.0,80
user_073ae410,102,61,"[40.75, -73.997]","[40.767058, -73.997]",1.8967656786229576,1.0,100
user_073f6805,0,0,"[42.354918, -83.076103]","[42.392489999999995, -83.472249]",32.80925758606731,1.0,0
user_073f6805,11,3,"[42.354918, -83.076103]","[42.392489999999995, -83.472249]",32.80925758606731,1.0,5
user_073f6805,21,6,"[42.354918, -83.076103]","[42.392489999999995, -83.472249]",32.80925758606731,1.0,10
user_073f6805,42,11,"[42.354918, -83.076103]","[42.392489999999995, -83.472249]",32.80925758606731,1.0,20
user_073f6805,84,21,"[42.354918, -83.076103]","[42.392489999999995, -83.472249]",32.80925758606731,1.0,40
user_073f6805,126,31,"[42.354918, -83.076103]","[42.392489999999995, -83.472249]",32.80925758606731,1.0,60
user_073f6805,168,41,"[42.354918, -83.076103]","[42.392489999999995, -83.472249]",32.80925758606731,1.0,80
user_073f6805,209,51,"[42.354918, -83.076103]","[42.392489999999995, -83.472249]",32.80925758606731,1.0,100
user_07713420,0,0,"[42.494741999999995, -76.325317]","[41.916661, -71.40430400000001]",410.32999515802163,0.0,0
user_07713420,4,1,"[42.494741999999995, -76.325317]","[41.916661, -71.40430400000001]",410.32999515802163,0.0,5
user_07713420,7,1,"[42.494741999999995, -76.325317]","[41.916661, -71.40430400000001]",410.32999515802163,0.0,10
user_07713420,14,2,"[42.494741999999995, -76.325317]","[41.916661, -71.40430400000001]",410.32999515802163,0.0,20
user_07713420,28,4,"[42.494741999999995, -76.325317]","[41.916661, -71.40430400000001]",410.32999515802163,0.0,40
user_07713420,42,6,"[42.494741999999995, -76.325317]","[41.916661, -71.40430400000001]",410.32999515802163,0.0,60
user_07713420,56,8,"[42.494741999999995, -76.325317]","[41.916661, -71.40430400000001]",410.32999515802163,0.0,80
user_07713420,69,9,"[42.494741999999995, -76.325317]","[41.916661, -71.40430400000001]",410.32999515802163,0.0,100
user_07737f16,0,0,"[47.5468808, -122.31405]","[40.679817, -73.849707]",3878.336554235192,0.0,0
user_07737f16,7,1,"[47.5468808, -122.31405]","[40.679817, -73.849707]",3878.336554235192,0.0,5
user_07737f16,14,1,"[47.5468808, -122.31405]","[40.679817, -73.849707]",3878.336554235192,0.0,10
user_07737f16,27,1,"[47.5468808, -122.31405]","[40.679817, -73.849707]",3878.336554235192,0.0,20
user_07737f16,53,2,"[47.5468808, -122.31405]","[40.679817, -73.849707]",3878.336554235192,0.0,40
user_07737f16,80,2,"[47.5468808, -122.31405]","[40.679817, -73.849707]",3878.336554235192,0.0,60
user_07737f16,106,3,"[47.5468808, -122.31405]","[40.679817, -73.849707]",3878.336554235192,0.0,80
user_07737f16,132,3,"[47.5468808, -122.31405]","[43.027428, -77.610271]",3483.9894649933,0.0,100
user_07948d5d,0,0,"[41.765471999999995, -87.82236999999999]","[29.694716500000002, -95.5632315]",1511.5810468456734,0.0,0
user_07948d5d,4,1,"[41.765471999999995, -87.82236999999999]","[29.694716500000002, -95.5632315]",1511.5810468456734,0.0,5
user_07948d5d,8,1,"[41.765471999999995, -87.82236999999999]","[29.694716500000002, -95.5632315]",1511.5810468456734,0.0,10
user_07948d5d,16,2,"[41.765471999999995, -87.82236999999999]","[29.694716500000002, -95.5632315]",1511.5810468456734,0.0,20
user_07948d5d,32,4,"[41.765471999999995, -87.82236999999999]","[29.694716500000002, -95.5632315]",1511.5810468456734,0.0,40
user_07948d5d,48,6,"[41.765471999999995, -87.82236999999999]","[29.694716500000002, -95.5632315]",1511.5810468456734,0.0,60
user_07948d5d,64,8,"[41.765471999999995, -87.82236999999999]","[29.694716500000002, -95.5632315]",1511.5810468456734,0.0,80
user_07948d5d,80,9,"[41.765471999999995, -87.82236999999999]","[29.694716500000002, -95.5632315]",1511.5810468456734,0.0,100
user_07b8a39e,0,0,"[37.776149, -122.40968799999999]","[38.485291, -122.137948]",82.35724330310329,1.0,0
user_07b8a39e,9,2,"[37.776149, -122.40968799999999]","[38.485291, -122.137948]",82.35724330310329,1.0,5
user_07b8a39e,18,3,"[37.776149, -122.40968799999999]","[38.485291, -122.137948]",82.35724330310329,1.0,10
user_07b8a39e,36,6,"[37.776149, -122.40968799999999]","[38.485291, -122.137948]",82.35724330310329,1.0,20
user_07b8a39e,72,11,"[37.776149, -122.40968799999999]","[38.485291, -122.137948]",82.35724330310329,1.0,40
user_07b8a39e,108,17,"[37.776149, -122.40968799999999]","[38.485291, -122.137948]",82.35724330310329,1.0,60
user_07b8a39e,144,22,"[37.776149, -122.40968799999999]","[38.485291, -122.137948]",82.35724330310329,1.0,80
user_07b8a39e,180,27,"[37.776149, -122.40968799999999]","[38.485291, -122.137948]",82.35724330310329,1.0,100
user_08119108,0,0,"[38.540496000000005, -90.482425]","[33.187655500000005, -90.102037]",596.1939064473272,0.0,0
user_08119108,9,2,"[38.540496000000005, -90.482425]","[33.187655500000005, -90.102037]",596.1939064473272,0.0,5
user_08119108,17,4,"[38.540496000000005, -90.482425]","[33.187655500000005, -90.102037]",596.1939064473272,0.0,10
user_08119108,33,8,"[38.540496000000005, -90.482425]","[33.187655500000005, -90.102037]",596.1939064473272,0.0,20
user_08119108,65,15,"[38.540496000000005, -90.482425]","[33.187655500000005, -90.102037]",596.1939064473272,0.0,40
user_08119108,97,23,"[38.540496000000005, -90.482425]","[33.187655500000005, -90.102037]",596.1939064473272,0.0,60
user_08119108,129,30,"[38.540496000000005, -90.482425]","[33.187655500000005, -90.102037]",596.1939064473272,0.0,80
user_08119108,161,37,"[38.540496000000005, -90.482425]","[33.187655500000005, -90.102037]",596.1939064473272,0.0,100
user_08181e6f,0,0,"[41.887355, -71.396811]","[41.916661, -71.40430400000001]",3.3171637921497825,1.0,0
user_08181e6f,5,1,"[41.887355, -71.396811]","[41.916661, -71.40430400000001]",3.3171637921497825,1.0,5
user_08181e6f,10,1,"[41.887355, -71.396811]","[41.916661, -71.40430400000001]",3.3171637921497825,1.0,10
user_08181e6f,19,2,"[41.887355, -71.396811]","[41.916661, -71.40430400000001]",3.3171637921497825,1.0,20
user_08181e6f,37,3,"[41.887355, -71.396811]","[41.916661, -71.40430400000001]",3.3171637921497825,1.0,40
user_08181e6f,56,4,"[41.887355, -71.396811]","[41.916661, -71.40430400000001]",3.3171637921497825,1.0,60
user_08181e6f,74,5,"[41.887355, -71.396811]","[41.916661, -71.40430400000001]",3.3171637921497825,1.0,80
user_08181e6f,92,6,"[41.887355, -71.396811]","[41.916661, -71.40430400000001]",3.3171637921497825,1.0,100
user_0826d980,0,0,"[35.930532, -84.10106]","[33.187655500000005, -90.102037]",628.3139397678764,0.0,0
user_0826d980,10,1,"[35.930532, -84.10106]","[33.187655500000005, -90.102037]",628.3139397678764,0.0,5
user_0826d980,19,2,"[35.930532, -84.10106]","[33.187655500000005, -90.102037]",628.3139397678764,0.0,10
user_0826d980,37,3,"[35.930532, -84.10106]","[33.187655500000005, -90.102037]",628.3139397678764,0.0,20
user_0826d980,74,5,"[35.930532, -84.10106]","[33.187655500000005, -90.102037]",628.3139397678764,0.0,40
user_0826d980,111,7,"[35.930532, -84.10106]","[33.187655500000005, -90.102037]",628.3139397678764,0.0,60
user_0826d980,148,9,"[35.930532, -84.10106]","[33.187655500000005, -90.102037]",628.3139397678764,0.0,80
user_0826d980,185,11,"[35.930532, -84.10106]","[38.1297562, -85.9286095]",293.4454597535367,0.0,100
user_087cd93c,0,0,"[40.76573, -73.951513]","[40.812029499999994, -73.93619749999999]",5.307284138901772,1.0,0
user_087cd93c,5,2,"[40.76573, -73.951513]","[40.812029499999994, -73.93619749999999]",5.307284138901772,1.0,5
user_087cd93c,10,4,"[40.76573, -73.951513]","[40.812029499999994, -73.93619749999999]",5.307284138901772,1.0,10
user_087cd93c,20,8,"[40.76573, -73.951513]","[40.812029499999994, -73.93619749999999]",5.307284138901772,1.0,20
user_087cd93c,39,16,"[40.76573, -73.951513]","[40.812029499999994, -73.93619749999999]",5.307284138901772,1.0,40
user_087cd93c,59,23,"[40.76573, -73.951513]","[40.812029499999994, -73.93619749999999]",5.307284138901772,1.0,60
user_087cd93c,78,31,"[40.76573, -73.951513]","[40.812029499999994, -73.93619749999999]",5.307284138901772,1.0,80
user_087cd93c,97,38,"[40.76573, -73.951513]","[40.812029499999994, -73.93619749999999]",5.307284138901772,1.0,100
user_0885343d,0,0,"[29.956898, -95.417868]","[29.694716500000002, -95.5632315]",32.3504173964869,1.0,0
user_0885343d,10,4,"[29.956898, -95.417868]","[29.694716500000002, -95.5632315]",32.3504173964869,1.0,5
user_0885343d,19,7,"[29.956898, -95.417868]","[29.694716500000002, -95.5632315]",32.3504173964869,1.0,10
user_0885343d,37,13,"[29.956898, -95.417868]","[29.694716500000002, -95.5632315]",32.3504173964869,1.0,20
user_0885343d,73,25,"[29.956898, -95.417868]","[29.694716500000002, -95.5632315]",32.3504173964869,1.0,40
user_0885343d,110,37,"[29.956898, -95.417868]","[29.694716500000002, -95.5632315]",32.3504173964869,1.0,60
user_0885343d,146,49,"[29.956898, -95.417868]","[29.694716500000002, -95.5632315]",32.3504173964869,1.0,80
user_0885343d,182,61,"[29.956898, -95.417868]","[29.694716500000002, -95.5632315]",32.3504173964869,1.0,100
user_088778f7,0,0,"[38.981730999999996, -76.952895]","[38.935939499999996, -77.024115]",7.990481188181028,1.0,0
user_088778f7,5,1,"[38.981730999999996, -76.952895]","[38.935939499999996, -77.024115]",7.990481188181028,1.0,5
user_088778f7,9,2,"[38.981730999999996, -76.952895]","[38.935939499999996, -77.024115]",7.990481188181028,1.0,10
user_088778f7,18,4,"[38.981730999999996, -76.952895]","[38.935939499999996, -77.024115]",7.990481188181028,1.0,20
user_088778f7,36,7,"[38.981730999999996, -76.952895]","[38.935939499999996, -77.024115]",7.990481188181028,1.0,40
user_088778f7,54,11,"[38.981730999999996, -76.952895]","[38.935939499999996, -77.024115]",7.990481188181028,1.0,60
user_088778f7,72,14,"[38.981730999999996, -76.952895]","[38.935939499999996, -77.024115]",7.990481188181028,1.0,80
user_088778f7,90,17,"[38.981730999999996, -76.952895]","[38.935939499999996, -77.024115]",7.990481188181028,1.0,100
user_08cdff74,0,0,"[40.704145000000004, -73.728311]","[40.689132, -73.721469]",1.766215676343969,1.0,0
user_08cdff74,12,4,"[40.704145000000004, -73.728311]","[40.689132, -73.721469]",1.766215676343969,1.0,5
user_08cdff74,24,7,"[40.704145000000004, -73.728311]","[40.689132, -73.721469]",1.766215676343969,1.0,10
user_08cdff74,48,13,"[40.704145000000004, -73.728311]","[40.689132, -73.721469]",1.766215676343969,1.0,20
user_08cdff74,95,26,"[40.704145000000004, -73.728311]","[40.68682149999999, -73.942293]",18.142625353897703,1.0,40
user_08cdff74,143,38,"[40.704145000000004, -73.728311]","[40.68682149999999, -73.942293]",18.142625353897703,1.0,60
user_08cdff74,190,51,"[40.704145000000004, -73.728311]","[40.68682149999999, -73.942293]",18.142625353897703,1.0,80
user_08cdff74,237,63,"[40.704145000000004, -73.728311]","[40.68682149999999, -73.942293]",18.142625353897703,1.0,100
user_08d07a9d,0,0,"[41.202847, -73.17182199999999]","[41.916661, -71.40430400000001]",167.11056775247334,0.0,0
user_08d07a9d,11,2,"[41.202847, -73.17182199999999]","[41.916661, -71.40430400000001]",167.11056775247334,0.0,5
user_08d07a9d,22,4,"[41.202847, -73.17182199999999]","[41.916661, -71.40430400000001]",167.11056775247334,0.0,10
user_08d07a9d,43,8,"[41.202847, -73.17182199999999]","[41.916661, -71.40430400000001]",167.11056775247334,0.0,20
user_08d07a9d,85,15,"[41.202847, -73.17182199999999]","[41.916661, -71.40430400000001]",167.11056775247334,0.0,40
user_08d07a9d,127,22,"[41.202847, -73.17182199999999]","[41.916661, -71.40430400000001]",167.11056775247334,0.0,60
user_08d07a9d,169,29,"[41.202847, -73.17182199999999]","[41.916661, -71.40430400000001]",167.11056775247334,0.0,80
user_08d07a9d,211,36,"[41.202847, -73.17182199999999]","[41.916661, -71.40430400000001]",167.11056775247334,0.0,100
user_08f3eb55,0,0,"[25.914637, -80.165309]","[25.973882, -80.242374]",10.137818897925627,1.0,0
user_08f3eb55,7,1,"[25.914637, -80.165309]","[25.973882, -80.242374]",10.137818897925627,1.0,5
user_08f3eb55,13,2,"[25.914637, -80.165309]","[25.973882, -80.242374]",10.137818897925627,1.0,10
user_08f3eb55,26,3,"[25.914637, -80.165309]","[25.973882, -80.242374]",10.137818897925627,1.0,20
user_08f3eb55,52,6,"[25.914637, -80.165309]","[25.973882, -80.242374]",10.137818897925627,1.0,40
user_08f3eb55,77,9,"[25.914637, -80.165309]","[25.973882, -80.242374]",10.137818897925627,1.0,60
user_08f3eb55,103,12,"[25.914637, -80.165309]","[25.973882, -80.242374]",10.137818897925627,1.0,80
user_08f3eb55,128,15,"[25.914637, -80.165309]","[25.973882, -80.242374]",10.137818897925627,1.0,100
user_0920b2b5,0,0,"[41.851024, -71.420591]","[41.916661, -71.40430400000001]",7.422009282487254,1.0,0
user_0920b2b5,9,1,"[41.851024, -71.420591]","[41.916661, -71.40430400000001]",7.422009282487254,1.0,5
user_0920b2b5,18,2,"[41.851024, -71.420591]","[41.916661, -71.40430400000001]",7.422009282487254,1.0,10
user_0920b2b5,35,4,"[41.851024, -71.420591]","[41.916661, -71.40430400000001]",7.422009282487254,1.0,20
user_0920b2b5,69,8,"[41.851024, -71.420591]","[41.916661, -71.40430400000001]",7.422009282487254,1.0,40
user_0920b2b5,103,12,"[41.851024, -71.420591]","[41.916661, -71.40430400000001]",7.422009282487254,1.0,60
user_0920b2b5,137,16,"[41.851024, -71.420591]","[41.916661, -71.40430400000001]",7.422009282487254,1.0,80
user_0920b2b5,171,20,"[41.851024, -71.420591]","[41.916661, -71.40430400000001]",7.422009282487254,1.0,100
user_09480f33,0,0,"[40.071114, -75.101493]","[43.027428, -77.610271]",389.37416371996966,0.0,0
user_09480f33,4,1,"[40.071114, -75.101493]","[43.027428, -77.610271]",389.37416371996966,0.0,5
user_09480f33,7,2,"[40.071114, -75.101493]","[43.027428, -77.610271]",389.37416371996966,0.0,10
user_09480f33,13,3,"[40.071114, -75.101493]","[43.027428, -77.610271]",389.37416371996966,0.0,20
user_09480f33,26,6,"[40.071114, -75.101493]","[43.027428, -77.610271]",389.37416371996966,0.0,40
user_09480f33,39,8,"[40.071114, -75.101493]","[43.027428, -77.610271]",389.37416371996966,0.0,60
user_09480f33,52,11,"[40.071114, -75.101493]","[40.6952045, -74.005395]",115.90801797583426,1.0,80
user_09480f33,64,13,"[40.071114, -75.101493]","[40.6952045, -74.005395]",115.90801797583426,1.0,100
user_09816b3d,0,0,"[47.598228000000006, -122.131676]","[38.935939499999996, -77.024115]",3720.6330379380956,0.0,0
user_09816b3d,4,2,"[47.598228000000006, -122.131676]","[38.935939499999996, -77.024115]",3720.6330379380956,0.0,5
user_09816b3d,8,3,"[47.598228000000006, -122.131676]","[38.935939499999996, -77.024115]",3720.6330379380956,0.0,10
user_09816b3d,15,6,"[47.598228000000006, -122.131676]","[38.935939499999996, -77.024115]",3720.6330379380956,0.0,20
user_09816b3d,29,12,"[47.598228000000006, -122.131676]","[38.935939499999996, -77.024115]",3720.6330379380956,0.0,40
user_09816b3d,44,18,"[47.598228000000006, -122.131676]","[38.935939499999996, -77.024115]",3720.6330379380956,0.0,60
user_09816b3d,58,24,"[47.598228000000006, -122.131676]","[38.935939499999996, -77.024115]",3720.6330379380956,0.0,80
user_09816b3d,72,30,"[47.598228000000006, -122.131676]","[38.935939499999996, -77.024115]",3720.6330379380956,0.0,100
user_098e1532,0,0,"[40.676619, -73.868907]","[40.679817, -73.849707]",1.6576949685788243,1.0,0
user_098e1532,6,2,"[40.676619, -73.868907]","[40.679817, -73.849707]",1.6576949685788243,1.0,5
user_098e1532,11,3,"[40.676619, -73.868907]","[40.679817, -73.849707]",1.6576949685788243,1.0,10
user_098e1532,21,6,"[40.676619, -73.868907]","[40.679817, -73.849707]",1.6576949685788243,1.0,20
user_098e1532,42,12,"[40.676619, -73.868907]","[40.679817, -73.849707]",1.6576949685788243,1.0,40
user_098e1532,62,17,"[40.676619, -73.868907]","[40.679817, -73.849707]",1.6576949685788243,1.0,60
user_098e1532,83,23,"[40.676619, -73.868907]","[40.679817, -73.849707]",1.6576949685788243,1.0,80
user_098e1532,103,28,"[40.676619, -73.868907]","[40.679817, -73.849707]",1.6576949685788243,1.0,100
user_0995db73,0,0,"[30.832397999999998, -83.309267]","[30.248988500000003, -82.335955]",113.56432300282198,1.0,0
user_0995db73,9,2,"[30.832397999999998, -83.309267]","[30.248988500000003, -82.335955]",113.56432300282198,1.0,5
user_0995db73,18,4,"[30.832397999999998, -83.309267]","[30.248988500000003, -82.335955]",113.56432300282198,1.0,10
user_0995db73,36,7,"[30.832397999999998, -83.309267]","[30.248988500000003, -82.335955]",113.56432300282198,1.0,20
user_0995db73,72,13,"[30.832397999999998, -83.309267]","[30.248988500000003, -82.335955]",113.56432300282198,1.0,40
user_0995db73,107,20,"[30.832397999999998, -83.309267]","[30.248988500000003, -82.335955]",113.56432300282198,1.0,60
user_0995db73,143,26,"[30.832397999999998, -83.309267]","[30.248988500000003, -82.335955]",113.56432300282198,1.0,80
user_0995db73,178,32,"[30.832397999999998, -83.309267]","[30.248988500000003, -82.335955]",113.56432300282198,1.0,100
user_09b3e663,0,0,"[42.241158, -87.94050899999999]","[32.966581500000004, -96.941848]",1299.246690404747,0.0,0
user_09b3e663,8,1,"[42.241158, -87.94050899999999]","[32.966581500000004, -96.941848]",1299.246690404747,0.0,5
user_09b3e663,15,1,"[42.241158, -87.94050899999999]","[32.966581500000004, -96.941848]",1299.246690404747,0.0,10
user_09b3e663,30,2,"[42.241158, -87.94050899999999]","[32.966581500000004, -96.941848]",1299.246690404747,0.0,20
user_09b3e663,59,4,"[42.241158, -87.94050899999999]","[32.966581500000004, -96.941848]",1299.246690404747,0.0,40
user_09b3e663,88,6,"[42.241158, -87.94050899999999]","[32.966581500000004, -96.941848]",1299.246690404747,0.0,60
user_09b3e663,117,8,"[42.241158, -87.94050899999999]","[32.966581500000004, -96.941848]",1299.246690404747,0.0,80
user_09b3e663,146,10,"[42.241158, -87.94050899999999]","[32.966581500000004, -96.941848]",1299.246690404747,0.0,100
user_09c8194a,0,0,"[40.196397, -85.42336800000001]","[34.393699999999995, -118.24542149999999]",2956.3732543970355,0.0,0
user_09c8194a,6,1,"[40.196397, -85.42336800000001]","[34.393699999999995, -118.24542149999999]",2956.3732543970355,0.0,5
user_09c8194a,12,1,"[40.196397, -85.42336800000001]","[34.393699999999995, -118.24542149999999]",2956.3732543970355,0.0,10
user_09c8194a,24,1,"[40.196397, -85.42336800000001]","[34.393699999999995, -118.24542149999999]",2956.3732543970355,0.0,20
user_09c8194a,48,2,"[40.196397, -85.42336800000001]","[34.393699999999995, -118.24542149999999]",2956.3732543970355,0.0,40
user_09c8194a,72,2,"[40.196397, -85.42336800000001]","[34.393699999999995, -118.24542149999999]",2956.3732543970355,0.0,60
user_09c8194a,96,3,"[40.196397, -85.42336800000001]","[34.393699999999995, -118.24542149999999]",2956.3732543970355,0.0,80
user_09c8194a,120,3,"[40.196397, -85.42336800000001]","[34.393699999999995, -118.24542149999999]",2956.3732543970355,0.0,100
user_09dbf5de,0,0,"[33.77755, -84.015592]","[40.862080999999996, -73.893029]",1190.9091815352338,0.0,0
user_09dbf5de,11,2,"[33.77755, -84.015592]","[40.862080999999996, -73.893029]",1190.9091815352338,0.0,5
user_09dbf5de,21,4,"[33.77755, -84.015592]","[40.862080999999996, -73.893029]",1190.9091815352338,0.0,10
user_09dbf5de,41,7,"[33.77755, -84.015592]","[40.862080999999996, -73.893029]",1190.9091815352338,0.0,20
user_09dbf5de,82,13,"[33.77755, -84.015592]","[40.862080999999996, -73.893029]",1190.9091815352338,0.0,40
user_09dbf5de,123,20,"[33.77755, -84.015592]","[40.862080999999996, -73.893029]",1190.9091815352338,0.0,60
user_09dbf5de,164,26,"[33.77755, -84.015592]","[40.862080999999996, -73.893029]",1190.9091815352338,0.0,80
user_09dbf5de,204,32,"[33.77755, -84.015592]","[40.862080999999996, -73.893029]",1190.9091815352338,0.0,100
user_0a032084,0,0,"[39.021001, -95.705984]","[40.767058, -73.997]",1857.4062033512348,0.0,0
user_0a032084,5,1,"[39.021001, -95.705984]","[40.767058, -73.997]",1857.4062033512348,0.0,5
user_0a032084,9,1,"[39.021001, -95.705984]","[40.767058, -73.997]",1857.4062033512348,0.0,10
user_0a032084,18,1,"[39.021001, -95.705984]","[40.767058, -73.997]",1857.4062033512348,0.0,20
user_0a032084,36,2,"[39.021001, -95.705984]","[40.767058, -73.997]",1857.4062033512348,0.0,40
user_0a032084,54,2,"[39.021001, -95.705984]","[40.767058, -73.997]",1857.4062033512348,0.0,60
user_0a032084,72,3,"[39.021001, -95.705984]","[40.767058, -73.997]",1857.4062033512348,0.0,80
user_0a032084,89,3,"[39.021001, -95.705984]","[40.9112535, -73.7748885]",1875.829276512899,0.0,100
user_0a676d41,0,0,"[42.323972999999995, -71.065039]","[40.689132, -73.721469]",286.29216591901803,0.0,0
user_0a676d41,6,1,"[42.323972999999995, -71.065039]","[40.689132, -73.721469]",286.29216591901803,0.0,5
user_0a676d41,12,2,"[42.323972999999995, -71.065039]","[40.689132, -73.721469]",286.29216591901803,0.0,10
user_0a676d41,23,4,"[42.323972999999995, -71.065039]","[40.689132, -73.721469]",286.29216591901803,0.0,20
user_0a676d41,45,8,"[42.323972999999995, -71.065039]","[40.689132, -73.721469]",286.29216591901803,0.0,40
user_0a676d41,68,11,"[42.323972999999995, -71.065039]","[40.689132, -73.721469]",286.29216591901803,0.0,60
user_0a676d41,90,15,"[42.323972999999995, -71.065039]","[40.689132, -73.721469]",286.29216591901803,0.0,80
user_0a676d41,112,18,"[42.323972999999995, -71.065039]","[40.689132, -73.721469]",286.29216591901803,0.0,100
user_0a851218,0,0,"[41.585599, -81.537931]","[41.446424, -81.536098]",15.476327789723484,1.0,0
user_0a851218,4,1,"[41.585599, -81.537931]","[41.446424, -81.536098]",15.476327789723484,1.0,5
user_0a851218,7,2,"[41.585599, -81.537931]","[41.446424, -81.536098]",15.476327789723484,1.0,10
user_0a851218,14,4,"[41.585599, -81.537931]","[41.446424, -81.536098]",15.476327789723484,1.0,20
user_0a851218,27,8,"[41.585599, -81.537931]","[41.446424, -81.536098]",15.476327789723484,1.0,40
user_0a851218,41,11,"[41.585599, -81.537931]","[41.446424, -81.536098]",15.476327789723484,1.0,60
user_0a851218,54,15,"[41.585599, -81.537931]","[41.446424, -81.536098]",15.476327789723484,1.0,80
user_0a851218,67,18,"[41.585599, -81.537931]","[41.446424, -81.536098]",15.476327789723484,1.0,100
user_0ab38b21,0,0,"[47.647811, -122.349993]","[34.393699999999995, -118.24542149999999]",1512.9047125623883,0.0,0
user_0ab38b21,13,2,"[47.647811, -122.349993]","[34.393699999999995, -118.24542149999999]",1512.9047125623883,0.0,5
user_0ab38b21,25,4,"[47.647811, -122.349993]","[34.393699999999995, -118.24542149999999]",1512.9047125623883,0.0,10
user_0ab38b21,50,7,"[47.647811, -122.349993]","[34.393699999999995, -118.24542149999999]",1512.9047125623883,0.0,20
user_0ab38b21,100,14,"[47.647811, -122.349993]","[34.393699999999995, -118.24542149999999]",1512.9047125623883,0.0,40
user_0ab38b21,150,20,"[47.647811, -122.349993]","[34.393699999999995, -118.24542149999999]",1512.9047125623883,0.0,60
user_0ab38b21,200,27,"[47.647811, -122.349993]","[34.393699999999995, -118.24542149999999]",1512.9047125623883,0.0,80
user_0ab38b21,250,33,"[47.647811, -122.349993]","[34.393699999999995, -118.24542149999999]",1512.9047125623883,0.0,100
user_0abe7ff7,0,0,"[34.751752, -77.475484]","[40.9112535, -73.7748885]",757.9064560261576,0.0,0
user_0abe7ff7,8,3,"[34.751752, -77.475484]","[40.9112535, -73.7748885]",757.9064560261576,0.0,5
user_0abe7ff7,16,5,"[34.751752, -77.475484]","[40.9112535, -73.7748885]",757.9064560261576,0.0,10
user_0abe7ff7,31,9,"[34.751752, -77.475484]","[40.9112535, -73.7748885]",757.9064560261576,0.0,20
user_0abe7ff7,62,17,"[34.751752, -77.475484]","[40.9112535, -73.7748885]",757.9064560261576,0.0,40
user_0abe7ff7,92,26,"[34.751752, -77.475484]","[40.9112535, -73.7748885]",757.9064560261576,0.0,60
user_0abe7ff7,123,34,"[34.751752, -77.475484]","[40.9112535, -73.7748885]",757.9064560261576,0.0,80
user_0abe7ff7,153,42,"[34.751752, -77.475484]","[40.9112535, -73.7748885]",757.9064560261576,0.0,100
user_0b3db3a9,0,0,"[39.917114, -75.23670600000001]","[40.6952045, -74.005395]",135.59791418172304,1.0,0
user_0b3db3a9,9,3,"[39.917114, -75.23670600000001]","[40.6952045, -74.005395]",135.59791418172304,1.0,5
user_0b3db3a9,17,5,"[39.917114, -75.23670600000001]","[40.6952045, -74.005395]",135.59791418172304,1.0,10
user_0b3db3a9,33,9,"[39.917114, -75.23670600000001]","[40.6952045, -74.005395]",135.59791418172304,1.0,20
user_0b3db3a9,65,18,"[39.917114, -75.23670600000001]","[40.6952045, -74.005395]",135.59791418172304,1.0,40
user_0b3db3a9,98,27,"[39.917114, -75.23670600000001]","[40.6952045, -74.005395]",135.59791418172304,1.0,60
user_0b3db3a9,130,36,"[39.917114, -75.23670600000001]","[40.6952045, -74.005395]",135.59791418172304,1.0,80
user_0b3db3a9,162,45,"[39.917114, -75.23670600000001]","[40.6952045, -74.005395]",135.59791418172304,1.0,100
user_0b5fa2eb,0,0,"[40.743621999999995, -73.76599499999999]","[40.6472835, -73.936812]",17.948348710260476,1.0,0
user_0b5fa2eb,5,2,"[40.743621999999995, -73.76599499999999]","[40.6472835, -73.936812]",17.948348710260476,1.0,5
user_0b5fa2eb,10,3,"[40.743621999999995, -73.76599499999999]","[40.6472835, -73.936812]",17.948348710260476,1.0,10
user_0b5fa2eb,19,5,"[40.743621999999995, -73.76599499999999]","[40.689132, -73.721469]",7.127000545043178,1.0,20
user_0b5fa2eb,37,9,"[40.743621999999995, -73.76599499999999]","[40.6472835, -73.936812]",17.948348710260476,1.0,40
user_0b5fa2eb,56,13,"[40.743621999999995, -73.76599499999999]","[40.689132, -73.721469]",7.127000545043178,1.0,60
user_0b5fa2eb,74,17,"[40.743621999999995, -73.76599499999999]","[40.6472835, -73.936812]",17.948348710260476,1.0,80
user_0b5fa2eb,92,21,"[40.743621999999995, -73.76599499999999]","[40.6472835, -73.936812]",17.948348710260476,1.0,100
user_0b6126d6,0,0,"[33.492833000000005, -86.889547]","[25.973882, -80.242374]",1053.405372308897,0.0,0
user_0b6126d6,4,1,"[33.492833000000005, -86.889547]","[25.973882, -80.242374]",1053.405372308897,0.0,5
user_0b6126d6,7,1,"[33.492833000000005, -86.889547]","[25.973882, -80.242374]",1053.405372308897,0.0,10
user_0b6126d6,14,2,"[33.492833000000005, -86.889547]","[25.973882, -80.242374]",1053.405372308897,0.0,20
user_0b6126d6,28,4,"[33.492833000000005, -86.889547]","[25.973882, -80.242374]",1053.405372308897,0.0,40
user_0b6126d6,42,6,"[33.492833000000005, -86.889547]","[25.973882, -80.242374]",1053.405372308897,0.0,60
user_0b6126d6,56,8,"[33.492833000000005, -86.889547]","[25.973882, -80.242374]",1053.405372308897,0.0,80
user_0b6126d6,69,10,"[33.492833000000005, -86.889547]","[25.973882, -80.242374]",1053.405372308897,0.0,100
user_0b93ca7a,0,0,"[40.555582, -75.483358]","[40.812029499999994, -73.93619749999999]",133.53672292974935,1.0,0
user_0b93ca7a,6,4,"[40.555582, -75.483358]","[40.812029499999994, -73.93619749999999]",133.53672292974935,1.0,5
user_0b93ca7a,12,7,"[40.555582, -75.483358]","[40.812029499999994, -73.93619749999999]",133.53672292974935,1.0,10
user_0b93ca7a,24,14,"[40.555582, -75.483358]","[40.812029499999994, -73.93619749999999]",133.53672292974935,1.0,20
user_0b93ca7a,48,28,"[40.555582, -75.483358]","[40.812029499999994, -73.93619749999999]",133.53672292974935,1.0,40
user_0b93ca7a,72,41,"[40.555582, -75.483358]","[40.812029499999994, -73.93619749999999]",133.53672292974935,1.0,60
user_0b93ca7a,96,55,"[40.555582, -75.483358]","[40.812029499999994, -73.93619749999999]",133.53672292974935,1.0,80
user_0b93ca7a,119,68,"[40.555582, -75.483358]","[40.812029499999994, -73.93619749999999]",133.53672292974935,1.0,100
user_0b989022,0,0,"[32.735926, -97.321042]","[33.746497, -84.074836]",1236.154683059635,0.0,0
user_0b989022,13,6,"[32.735926, -97.321042]","[33.746497, -84.074836]",1236.154683059635,0.0,5
user_0b989022,26,11,"[32.735926, -97.321042]","[33.746497, -84.074836]",1236.154683059635,0.0,10
user_0b989022,51,21,"[32.735926, -97.321042]","[33.746497, -84.074836]",1236.154683059635,0.0,20
user_0b989022,102,42,"[32.735926, -97.321042]","[33.746497, -84.074836]",1236.154683059635,0.0,40
user_0b989022,153,63,"[32.735926, -97.321042]","[33.746497, -84.074836]",1236.154683059635,0.0,60
user_0b989022,204,84,"[32.735926, -97.321042]","[33.746497, -84.074836]",1236.154683059635,0.0,80
user_0b989022,254,105,"[32.735926, -97.321042]","[33.746497, -84.074836]",1236.154683059635,0.0,100
user_0bcff647,0,0,"[39.993168, -75.174582]","[40.0097845, -75.15243749999999]",2.6404131943188256,1.0,0
user_0bcff647,5,1,"[39.993168, -75.174582]","[40.0097845, -75.15243749999999]",2.6404131943188256,1.0,5
user_0bcff647,10,2,"[39.993168, -75.174582]","[40.0097845, -75.15243749999999]",2.6404131943188256,1.0,10
user_0bcff647,19,3,"[39.993168, -75.174582]","[40.0097845, -75.15243749999999]",2.6404131943188256,1.0,20
user_0bcff647,37,6,"[39.993168, -75.174582]","[40.0097845, -75.15243749999999]",2.6404131943188256,1.0,40
user_0bcff647,56,9,"[39.993168, -75.174582]","[40.0097845, -75.15243749999999]",2.6404131943188256,1.0,60
user_0bcff647,74,12,"[39.993168, -75.174582]","[40.0097845, -75.15243749999999]",2.6404131943188256,1.0,80
user_0bcff647,92,15,"[39.993168, -75.174582]","[40.0097845, -75.15243749999999]",2.6404131943188256,1.0,100
user_0bd05d33,0,0,"[33.96781, -84.094033]","[33.746497, -84.074836]",24.67267806965836,1.0,0
user_0bd05d33,6,1,"[33.96781, -84.094033]","[33.746497, -84.074836]",24.67267806965836,1.0,5
user_0bd05d33,11,1,"[33.96781, -84.094033]","[33.746497, -84.074836]",24.67267806965836,1.0,10
user_0bd05d33,22,2,"[33.96781, -84.094033]","[33.746497, -84.074836]",24.67267806965836,1.0,20
user_0bd05d33,44,4,"[33.96781, -84.094033]","[33.187655500000005, -90.102037]",563.2182203232812,0.0,40
user_0bd05d33,66,5,"[33.96781, -84.094033]","[33.187655500000005, -90.102037]",563.2182203232812,0.0,60
user_0bd05d33,88,7,"[33.96781, -84.094033]","[33.187655500000005, -90.102037]",563.2182203232812,0.0,80
user_0bd05d33,109,8,"[33.96781, -84.094033]","[33.187655500000005, -90.102037]",563.2182203232812,0.0,100
user_0bddef2b,0,0,"[36.176382000000004, -86.77624399999999]","[32.966581500000004, -96.941848]",996.2061109641816,0.0,0
user_0bddef2b,8,1,"[36.176382000000004, -86.77624399999999]","[32.966581500000004, -96.941848]",996.2061109641816,0.0,5
user_0bddef2b,16,2,"[36.176382000000004, -86.77624399999999]","[32.966581500000004, -96.941848]",996.2061109641816,0.0,10
user_0bddef2b,31,3,"[36.176382000000004, -86.77624399999999]","[32.966581500000004, -96.941848]",996.2061109641816,0.0,20
user_0bddef2b,62,5,"[36.176382000000004, -86.77624399999999]","[32.966581500000004, -96.941848]",996.2061109641816,0.0,40
user_0bddef2b,92,8,"[36.176382000000004, -86.77624399999999]","[32.966581500000004, -96.941848]",996.2061109641816,0.0,60
user_0bddef2b,123,10,"[36.176382000000004, -86.77624399999999]","[32.966581500000004, -96.941848]",996.2061109641816,0.0,80
user_0bddef2b,153,12,"[36.176382000000004, -86.77624399999999]","[32.966581500000004, -96.941848]",996.2061109641816,0.0,100
user_0c09ba5c,0,0,"[33.73447, -84.25514]","[33.748637, -84.44241149999999]",17.38745922847332,1.0,0
user_0c09ba5c,6,2,"[33.73447, -84.25514]","[33.748637, -84.44241149999999]",17.38745922847332,1.0,5
user_0c09ba5c,11,3,"[33.73447, -84.25514]","[33.748637, -84.44241149999999]",17.38745922847332,1.0,10
user_0c09ba5c,22,6,"[33.73447, -84.25514]","[33.748637, -84.44241149999999]",17.38745922847332,1.0,20
user_0c09ba5c,43,11,"[33.73447, -84.25514]","[33.748637, -84.44241149999999]",17.38745922847332,1.0,40
user_0c09ba5c,65,17,"[33.73447, -84.25514]","[33.748637, -84.44241149999999]",17.38745922847332,1.0,60
user_0c09ba5c,86,22,"[33.73447, -84.25514]","[33.748637, -84.44241149999999]",17.38745922847332,1.0,80
user_0c09ba5c,107,27,"[33.73447, -84.25514]","[33.748637, -84.44241149999999]",17.38745922847332,1.0,100
user_0c3256e0,0,0,"[42.445714, -83.13841500000001]","[42.392489999999995, -83.472249]",28.03539741063932,1.0,0
user_0c3256e0,4,2,"[42.445714, -83.13841500000001]","[42.392489999999995, -83.472249]",28.03539741063932,1.0,5
user_0c3256e0,7,3,"[42.445714, -83.13841500000001]","[42.392489999999995, -83.472249]",28.03539741063932,1.0,10
user_0c3256e0,14,6,"[42.445714, -83.13841500000001]","[42.392489999999995, -83.472249]",28.03539741063932,1.0,20
user_0c3256e0,28,11,"[42.445714, -83.13841500000001]","[42.392489999999995, -83.472249]",28.03539741063932,1.0,40
user_0c3256e0,42,17,"[42.445714, -83.13841500000001]","[42.392489999999995, -83.472249]",28.03539741063932,1.0,60
user_0c3256e0,56,22,"[42.445714, -83.13841500000001]","[42.392489999999995, -83.472249]",28.03539741063932,1.0,80
user_0c3256e0,69,27,"[42.445714, -83.13841500000001]","[42.392489999999995, -83.472249]",28.03539741063932,1.0,100
